Workbook

Sheet SO-DIMM-i5
A1: Function | B1: Top-Pin | C1: Bank | D1: CLK | E1: CLK | F1: Bank | G1: Bot-Pin | H1: Function | K1: Clocks
A2: GND | B2: 1 | C2: =_xlfn.XLOOKUP(B2,'FPGA-SC-02033-2-0-ECP5U-25-Pino'!I:I,'FPGA-SC-02033-2-0-ECP5U-25-Pino'!C:C,"") | D2: =COUNTIF(K:K,A2) -> 0 | E2: =COUNTIF(K:K,H2) -> 0 | F2: =_xlfn.XLOOKUP(G2,'FPGA-SC-02033-2-0-ECP5U-25-Pino'!I:I,'FPGA-SC-02033-2-0-ECP5U-25-Pino'!C:C,"") | G2: 2 | H2: 5V | I2: =D2+E2 -> 0 | K2: H4
A3: GND | B3: 3 | C3: =_xlfn.XLOOKUP(B3,'FPGA-SC-02033-2-0-ECP5U-25-Pino'!I:I,'FPGA-SC-02033-2-0-ECP5U-25-Pino'!C:C,"") | D3: =COUNTIF(K:K,A3) -> 0 | E3: =COUNTIF(K:K,H3) -> 0 | F3: =_xlfn.XLOOKUP(G3,'FPGA-SC-02033-2-0-ECP5U-25-Pino'!I:I,'FPGA-SC-02033-2-0-ECP5U-25-Pino'!C:C,"") | G3: 4 | H3: 5V | I3: =D3+E3 -> 0 | K3: H5
A4: GND | B4: 5 | C4: =_xlfn.XLOOKUP(B4,'FPGA-SC-02033-2-0-ECP5U-25-Pino'!I:I,'FPGA-SC-02033-2-0-ECP5U-25-Pino'!C:C,"") | D4: =COUNTIF(K:K,A4) -> 0 | E4: =COUNTIF(K:K,H4) -> 0 | F4: =_xlfn.XLOOKUP(G4,'FPGA-SC-02033-2-0-ECP5U-25-Pino'!I:I,'FPGA-SC-02033-2-0-ECP5U-25-Pino'!C:C,"") | G4: 6 | H4: 5V | I4: =D4+E4 -> 0 | K4: G3
A5: GND | B5: 7 | C5: =_xlfn.XLOOKUP(B5,'FPGA-SC-02033-2-0-ECP5U-25-Pino'!I:I,'FPGA-SC-02033-2-0-ECP5U-25-Pino'!C:C,"") | D5: =COUNTIF(K:K,A5) -> 0 | E5: =COUNTIF(K:K,H5) -> 0 | F5: =_xlfn.XLOOKUP(G5,'FPGA-SC-02033-2-0-ECP5U-25-Pino'!I:I,'FPGA-SC-02033-2-0-ECP5U-25-Pino'!C:C,"") | G5: 8 | H5: 5V | I5: =D5+E5 -> 0 | K5: F2
A6: GND | B6: 9 | C6: =_xlfn.XLOOKUP(B6,'FPGA-SC-02033-2-0-ECP5U-25-Pino'!I:I,'FPGA-SC-02033-2-0-ECP5U-25-Pino'!C:C,"") | D6: =COUNTIF(K:K,A6) -> 0 | E6: =COUNTIF(K:K,H6) -> 0 | F6: =_xlfn.XLOOKUP(G6,'FPGA-SC-02033-2-0-ECP5U-25-Pino'!I:I,'FPGA-SC-02033-2-0-ECP5U-25-Pino'!C:C,"") | G6: 10 | H6: 5V | I6: =D6+E6 -> 0 | K6: F3
A7: GND | B7: 11 | C7: =_xlfn.XLOOKUP(B7,'FPGA-SC-02033-2-0-ECP5U-25-Pino'!I:I,'FPGA-SC-02033-2-0-ECP5U-25-Pino'!C:C,"") | D7: =COUNTIF(K:K,A7) -> 0 | E7: =COUNTIF(K:K,H7) -> 0 | F7: =_xlfn.XLOOKUP(G7,'FPGA-SC-02033-2-0-ECP5U-25-Pino'!I:I,'FPGA-SC-02033-2-0-ECP5U-25-Pino'!C:C,"") | G7: 12 | H7: 5V | I7: =D7+E7 -> 0 | K7: E2
A8: NC | B8: 13 | C8: =_xlfn.XLOOKUP(B8,'FPGA-SC-02033-2-0-ECP5U-25-Pino'!I:I,'FPGA-SC-02033-2-0-ECP5U-25-Pino'!C:C,"") | D8: =COUNTIF(K:K,A8) -> 0 | E8: =COUNTIF(K:K,H8) -> 0 | F8: =_xlfn.XLOOKUP(G8,'FPGA-SC-02033-2-0-ECP5U-25-Pino'!I:I,'FPGA-SC-02033-2-0-ECP5U-25-Pino'!C:C,"") | G8: 14 | H8: NC | I8: =D8+E8 -> 0 | K8: F1
A9: ETH1_1P | B9: 15 | C9: =_xlfn.XLOOKUP(B9,'FPGA-SC-02033-2-0-ECP5U-25-Pino'!I:I,'FPGA-SC-02033-2-0-ECP5U-25-Pino'!C:C,"") | D9: =COUNTIF(K:K,A9) -> 0 | E9: =COUNTIF(K:K,H9) -> 0 | F9: =_xlfn.XLOOKUP(G9,'FPGA-SC-02033-2-0-ECP5U-25-Pino'!I:I,'FPGA-SC-02033-2-0-ECP5U-25-Pino'!C:C,"") | G9: 16 | H9: ETH2_1P | I9: =D9+E9 -> 0 | K9: J4
A10: ETH1_1N | B10: 17 | C10: =_xlfn.XLOOKUP(B10,'FPGA-SC-02033-2-0-ECP5U-25-Pino'!I:I,'FPGA-SC-02033-2-0-ECP5U-25-Pino'!C:C,"") | D10: =COUNTIF(K:K,A10) -> 0 | E10: =COUNTIF(K:K,H10) -> 0 | F10: =_xlfn.XLOOKUP(G10,'FPGA-SC-02033-2-0-ECP5U-25-Pino'!I:I,'FPGA-SC-02033-2-0-ECP5U-25-Pino'!C:C,"") | G10: 18 | H10: ETH2_1N | I10: =D10+E10 -> 0 | K10: L18
A11: NC | B11: 19 | C11: =_xlfn.XLOOKUP(B11,'FPGA-SC-02033-2-0-ECP5U-25-Pino'!I:I,'FPGA-SC-02033-2-0-ECP5U-25-Pino'!C:C,"") | D11: =COUNTIF(K:K,A11) -> 0 | E11: =COUNTIF(K:K,H11) -> 0 | F11: =_xlfn.XLOOKUP(G11,'FPGA-SC-02033-2-0-ECP5U-25-Pino'!I:I,'FPGA-SC-02033-2-0-ECP5U-25-Pino'!C:C,"") | G11: 20 | H11: NC | I11: =D11+E11 -> 0 | K11: L20
A12: ETH1_2N | B12: 21 | C12: =_xlfn.XLOOKUP(B12,'FPGA-SC-02033-2-0-ECP5U-25-Pino'!I:I,'FPGA-SC-02033-2-0-ECP5U-25-Pino'!C:C,"") | D12: =COUNTIF(K:K,A12) -> 0 | E12: =COUNTIF(K:K,H12) -> 0 | F12: =_xlfn.XLOOKUP(G12,'FPGA-SC-02033-2-0-ECP5U-25-Pino'!I:I,'FPGA-SC-02033-2-0-ECP5U-25-Pino'!C:C,"") | G12: 22 | H12: ETH2_2N | I12: =D12+E12 -> 0 | K12: K20
A13: ETH1_2P | B13: 23 | C13: =_xlfn.XLOOKUP(B13,'FPGA-SC-02033-2-0-ECP5U-25-Pino'!I:I,'FPGA-SC-02033-2-0-ECP5U-25-Pino'!C:C,"") | D13: =COUNTIF(K:K,A13) -> 0 | E13: =COUNTIF(K:K,H13) -> 0 | F13: =_xlfn.XLOOKUP(G13,'FPGA-SC-02033-2-0-ECP5U-25-Pino'!I:I,'FPGA-SC-02033-2-0-ECP5U-25-Pino'!C:C,"") | G13: 24 | H13: ETH2_2P | I13: =D13+E13 -> 0 | K13: K19
... A17: NC | B17: 31 | C17: =_xlfn.XLOOKUP(B17,'FPGA-SC-02033-2-0-ECP5U-25-Pino'!I:I,'FPGA-SC-02033-2-0-ECP5U-25-Pino'!C:C,"") | D17: =COUNTIF(K:K,A17) -> 0 | E17: =COUNTIF(K:K,H17) -> 0 | F17: =_xlfn.XLOOKUP(G17,'FPGA-SC-02033-2-0-ECP5U-25-Pino'!I:I,'FPGA-SC-02033-2-0-ECP5U-25-Pino'!C:C,"") | G17: 32 | H17: NC | I17: =D17+E17 -> 0 | K17: G19
A18: ETH1_4N | B18: 33 | C18: =_xlfn.XLOOKUP(B18,'FPGA-SC-02033-2-0-ECP5U-25-Pino'!I:I,'FPGA-SC-02033-2-0-ECP5U-25-Pino'!C:C,"") | D18: =COUNTIF(K:K,A18) -> 0 | E18: =COUNTIF(K:K,H18) -> 0 | F18: =_xlfn.XLOOKUP(G18,'FPGA-SC-02033-2-0-ECP5U-25-Pino'!I:I,'FPGA-SC-02033-2-0-ECP5U-25-Pino'!C:C,"") | G18: 34 | H18: ETH2_4N | I18: =D18+E18 -> 0
A19: ETH1_4P | B19: 35 | C19: =_xlfn.XLOOKUP(B19,'FPGA-SC-02033-2-0-ECP5U-25-Pino'!I:I,'FPGA-SC-02033-2-0-ECP5U-25-Pino'!C:C,"") | D19: =COUNTIF(K:K,A19) -> 0 | E19: =COUNTIF(K:K,H19) -> 0 | F19: =_xlfn.XLOOKUP(G19,'FPGA-SC-02033-2-0-ECP5U-25-Pino'!I:I,'FPGA-SC-02033-2-0-ECP5U-25-Pino'!C:C,"") | G19: 36 | H19: ETH2_4P | I19: =D19+E19 -> 0
A20: NC | B20: 37 | C20: =_xlfn.XLOOKUP(B20,'FPGA-SC-02033-2-0-ECP5U-25-Pino'!I:I,'FPGA-SC-02033-2-0-ECP5U-25-Pino'!C:C,"") | D20: =COUNTIF(K:K,A20) -> 0 | E20: =COUNTIF(K:K,H20) -> 0 | F20: =_xlfn.XLOOKUP(G20,'FPGA-SC-02033-2-0-ECP5U-25-Pino'!I:I,'FPGA-SC-02033-2-0-ECP5U-25-Pino'!C:C,"") | G20: 38 | H20: NC | I20: =D20+E20 -> 0
A21: GND | B21: 39 | C21: =_xlfn.XLOOKUP(B21,'FPGA-SC-02033-2-0-ECP5U-25-Pino'!I:I,'FPGA-SC-02033-2-0-ECP5U-25-Pino'!C:C,"") | D21: =COUNTIF(K:K,A21) -> 0 | E21: =COUNTIF(K:K,H21) -> 0 | F21: =_xlfn.XLOOKUP(G21,'FPGA-SC-02033-2-0-ECP5U-25-Pino'!I:I,'FPGA-SC-02033-2-0-ECP5U-25-Pino'!C:C,"") | G21: 40 | H21: GND | I21: =D21+E21 -> 0
I22: =D22+E22 -> 0
I23: =D23+E23 -> 0
A24: U16 | B24: 41 | C24: =_xlfn.XLOOKUP(B24,'FPGA-SC-02033-2-0-ECP5U-25-Pino'!I:I,'FPGA-SC-02033-2-0-ECP5U-25-Pino'!C:C,"") -> 3 | D24: =COUNTIF(K:K,A24) -> 0 | E24: =COUNTIF(K:K,H24) -> 0 | F24: =_xlfn.XLOOKUP(G24,'FPGA-SC-02033-2-0-ECP5U-25-Pino'!I:I,'FPGA-SC-02033-2-0-ECP5U-25-Pino'!C:C,"") -> 8 | G24: 42 | H24: R1 | I24: =D24+E24 -> 0
A25: NC | B25: 43 | C25: =_xlfn.XLOOKUP(B25,'FPGA-SC-02033-2-0-ECP5U-25-Pino'!I:I,'FPGA-SC-02033-2-0-ECP5U-25-Pino'!C:C,"") | D25: =COUNTIF(K:K,A25) -> 0 | E25: =COUNTIF(K:K,H25) -> 0 | F25: =_xlfn.XLOOKUP(G25,'FPGA-SC-02033-2-0-ECP5U-25-Pino'!I:I,'FPGA-SC-02033-2-0-ECP5U-25-Pino'!C:C,"") -> 8 | G25: 44 | H25: T1 | I25: =D25+E25 -> 0
A26: NC | B26: 45 | C26: =_xlfn.XLOOKUP(B26,'FPGA-SC-02033-2-0-ECP5U-25-Pino'!I:I,'FPGA-SC-02033-2-0-ECP5U-25-Pino'!C:C,"") | D26: =COUNTIF(K:K,A26) -> 0 | E26: =COUNTIF(K:K,H26) -> 0 | F26: =_xlfn.XLOOKUP(G26,'FPGA-SC-02033-2-0-ECP5U-25-Pino'!I:I,'FPGA-SC-02033-2-0-ECP5U-25-Pino'!C:C,"") -> 8 | G26: 46 | H26: U1 | I26: =D26+E26 -> 0
A27: NC | B27: 47 | C27: =_xlfn.XLOOKUP(B27,'FPGA-SC-02033-2-0-ECP5U-25-Pino'!I:I,'FPGA-SC-02033-2-0-ECP5U-25-Pino'!C:C,"") | D27: =COUNTIF(K:K,A27) -> 0 | E27: =COUNTIF(K:K,H27) -> 0 | F27: =_xlfn.XLOOKUP(G27,'FPGA-SC-02033-2-0-ECP5U-25-Pino'!I:I,'FPGA-SC-02033-2-0-ECP5U-25-Pino'!C:C,"") -> 8 | G27: 48 | H27: Y2 | I27: =D27+E27 -> 0
A28: K18 | B28: 49 | C28: =_xlfn.XLOOKUP(B28,'FPGA-SC-02033-2-0-ECP5U-25-Pino'!I:I,'FPGA-SC-02033-2-0-ECP5U-25-Pino'!C:C,"") -> 2 | D28: =COUNTIF(K:K,A28) -> 0 | E28: =COUNTIF(K:K,H28) -> 0 | F28: =_xlfn.XLOOKUP(G28,'FPGA-SC-02033-2-0-ECP5U-25-Pino'!I:I,'FPGA-SC-02033-2-0-ECP5U-25-Pino'!C:C,"") -> 8 | G28: 50 | H28: W1 | I28: =D28+E28 -> 0
A29: C18 | B29: 51 | C29: =_xlfn.XLOOKUP(B29,'FPGA-SC-02033-2-0-ECP5U-25-Pino'!I:I,'FPGA-SC-02033-2-0-ECP5U-25-Pino'!C:C,"") -> 2 | D29: =COUNTIF(K:K,A29) -> 0 | E29: =COUNTIF(K:K,H29) -> 0 | F29: =_xlfn.XLOOKUP(G29,'FPGA-SC-02033-2-0-ECP5U-25-Pino'!I:I,'FPGA-SC-02033-2-0-ECP5U-25-Pino'!C:C,"") -> 8 | G29: 52 | H29: V1 | I29: =D29+E29 -> 0
A30: NC | B30: 53 | C30: =_xlfn.XLOOKUP(B30,'FPGA-SC-02033-2-0-ECP5U-25-Pino'!I:I,'FPGA-SC-02033-2-0-ECP5U-25-Pino'!C:C,"") | D30: =COUNTIF(K:K,A30) -> 0 | E30: =COUNTIF(K:K,H30) -> 0 | F30: =_xlfn.XLOOKUP(G30,'FPGA-SC-02033-2-0-ECP5U-25-Pino'!I:I,'FPGA-SC-02033-2-0-ECP5U-25-Pino'!C:C,"") -> 6 | G30: 54 | H30: M1 | I30: =D30+E30 -> 0
A31: GND | B31: 55 | C31: =_xlfn.XLOOKUP(B31,'FPGA-SC-02033-2-0-ECP5U-25-Pino'!I:I,'FPGA-SC-02033-2-0-ECP5U-25-Pino'!C:C,"") | D31: =COUNTIF(K:K,A31) -> 0 | E31: =COUNTIF(K:K,H31) -> 0 | F31: =_xlfn.XLOOKUP(G31,'FPGA-SC-02033-2-0-ECP5U-25-Pino'!I:I,'FPGA-SC-02033-2-0-ECP5U-25-Pino'!C:C,"") | G31: 56 | H31: GND | I31: =D31+E31 -> 0
A32: T18 | B32: 57 | C32: =_xlfn.XLOOKUP(B32,'FPGA-SC-02033-2-0-ECP5U-25-Pino'!I:I,'FPGA-SC-02033-2-0-ECP5U-25-Pino'!C:C,"") -> 3 | D32: =COUNTIF(K:K,A32) -> 0 | E32: =COUNTIF(K:K,H32) -> 0 | F32: =_xlfn.XLOOKUP(G32,'FPGA-SC-02033-2-0-ECP5U-25-Pino'!I:I,'FPGA-SC-02033-2-0-ECP5U-25-Pino'!C:C,"") -> 6 | G32: 58 | H32: N2 | I32: =D32+E32 -> 0
A33: R18 | B33: 59 | C33: =_xlfn.XLOOKUP(B33,'FPGA-SC-02033-2-0-ECP5U-25-Pino'!I:I,'FPGA-SC-02033-2-0-ECP5U-25-Pino'!C:C,"") -> 3 | D33: =COUNTIF(K:K,A33) -> 0 | E33: =COUNTIF(K:K,H33) -> 0 | F33: =_xlfn.XLOOKUP(G33,'FPGA-SC-02033-2-0-ECP5U-25-Pino'!I:I,'FPGA-SC-02033-2-0-ECP5U-25-Pino'!C:C,"") -> 6 | G33: 60 | H33: N3 | I33: =D33+E33 -> 0
A34: R17 | B34: 61 | C34: =_xlfn.XLOOKUP(B34,'FPGA-SC-02033-2-0-ECP5U-25-Pino'!I:I,'FPGA-SC-02033-2-0-ECP5U-25-Pino'!C:C,"") -> 3 | D34: =COUNTIF(K:K,A34) -> 0 | E34: =COUNTIF(K:K,H34) -> 0 | F34: =_xlfn.XLOOKUP(G34,'FPGA-SC-02033-2-0-ECP5U-25-Pino'!I:I,'FPGA-SC-02033-2-0-ECP5U-25-Pino'!C:C,"") -> 8 | G34: 62 | H34: T2 | I34: =D34+E34 -> 0
A35: P17 | B35: 63 | C35: =_xlfn.XLOOKUP(B35,'FPGA-SC-02033-2-0-ECP5U-25-Pino'!I:I,'FPGA-SC-02033-2-0-ECP5U-25-Pino'!C:C,"") -> 3 | D35: =COUNTIF(K:K,A35) -> 0 | E35: =COUNTIF(K:K,H35) -> 0 | F35: =_xlfn.XLOOKUP(G35,'FPGA-SC-02033-2-0-ECP5U-25-Pino'!I:I,'FPGA-SC-02033-2-0-ECP5U-25-Pino'!C:C,"") -> 6 | G35: 64 | H35: M3 | I35: =D35+E35 -> 0
... A103: GND | B103: 199 | C103: =_xlfn.XLOOKUP(B103,'FPGA-SC-02033-2-0-ECP5U-25-Pino'!I:I,'FPGA-SC-02033-2-0-ECP5U-25-Pino'!C:C,"") | D103: =COUNTIF(K:K,A103) -> 0 | E103: =COUNTIF(K:K,H103) -> 0 | F103: =_xlfn.XLOOKUP(G103,'FPGA-SC-02033-2-0-ECP5U-25-Pino'!I:I,'FPGA-SC-02033-2-0-ECP5U-25-Pino'!C:C,"") | G103: 200 | H103: GND | I103: =D103+E103 -> 0

Sheet FPGA-SC-02033-2-0-ECP5U-25-Pino
A1: PAD | B1: Pin/Ball Function | C1: Bank | D1: Dual Function | E1: Differential | F1: High Speed | G1: DQS | H1: CABGA381 | I1: SO-DIMM Pin
A2: 1 | B2: PL2A | C2: 7 | D2: - | E2: True_OF_PL2B | F2: TRUE | G2: LDQ8 | H2: A4 | I2: =_xlfn.XLOOKUP(H2,'SO-DIMM-i5'!A:A,'SO-DIMM-i5'!B:B,_xlfn.XLOOKUP(H2,'SO-DIMM-i5'!H:H,'SO-DIMM-i5'!G:G,""))
A3: 2 | B3: PL2B | C3: 7 | D3: - | E3: Comp_OF_PL2A | F3: TRUE | G3: LDQ8 | H3: A5 | I3: =_xlfn.XLOOKUP(H3,'SO-DIMM-i5'!A:A,'SO-DIMM-i5'!B:B,_xlfn.XLOOKUP(H3,'SO-DIMM-i5'!H:H,'SO-DIMM-i5'!G:G,""))
A4: 3 | B4: VSSIO7 | C4: - | D4: - | E4: - | F4: - | G4: - | H4: - | I4: =_xlfn.XLOOKUP(H4,'SO-DIMM-i5'!A:A,'SO-DIMM-i5'!B:B,_xlfn.XLOOKUP(H4,'SO-DIMM-i5'!H:H,'SO-DIMM-i5'!G:G,""))
A5: 4 | B5: PL2C | C5: 7 | D5: - | E5: True_OF_PL2D | F5: - | G5: LDQ8 | H5: B5 | I5: =_xlfn.XLOOKUP(H5,'SO-DIMM-i5'!A:A,'SO-DIMM-i5'!B:B,_xlfn.XLOOKUP(H5,'SO-DIMM-i5'!H:H,'SO-DIMM-i5'!G:G,""))
A6: 5 | B6: VCCIO7 | C6: - | D6: - | E6: - | F6: - | G6: - | H6: - | I6: =_xlfn.XLOOKUP(H6,'SO-DIMM-i5'!A:A,'SO-DIMM-i5'!B:B,_xlfn.XLOOKUP(H6,'SO-DIMM-i5'!H:H,'SO-DIMM-i5'!G:G,""))
A7: 6 | B7: PL2D | C7: 7 | D7: - | E7: Comp_OF_PL2C | F7: - | G7: LDQ8 | H7: C5 | I7: =_xlfn.XLOOKUP(H7,'SO-DIMM-i5'!A:A,'SO-DIMM-i5'!B:B,_xlfn.XLOOKUP(H7,'SO-DIMM-i5'!H:H,'SO-DIMM-i5'!G:G,""))
A8: 7 | B8: PL5A | C8: 7 | D8: - | E8: True_OF_PL5B | F8: TRUE | G8: LDQ8 | H8: C4 | I8: =_xlfn.XLOOKUP(H8,'SO-DIMM-i5'!A:A,'SO-DIMM-i5'!B:B,_xlfn.XLOOKUP(H8,'SO-DIMM-i5'!H:H,'SO-DIMM-i5'!G:G,"")) -> 131
A9: 8 | B9: VCCAUX | C9: - | D9: - | E9: - | F9: - | G9: - | H9: - | I9: =_xlfn.XLOOKUP(H9,'SO-DIMM-i5'!A:A,'SO-DIMM-i5'!B:B,_xlfn.XLOOKUP(H9,'SO-DIMM-i5'!H:H,'SO-DIMM-i5'!G:G,""))
A10: 9 | B10: PL5C | C10: 7 | D10: - | E10: True_OF_PL5D | F10: - | G10: LDQ8 | H10: A3 | I10: =_xlfn.XLOOKUP(H10,'SO-DIMM-i5'!A:A,'SO-DIMM-i5'!B:B,_xlfn.XLOOKUP(H10,'SO-DIMM-i5'!H:H,'SO-DIMM-i5'!G:G,"")) -> 139
A11: 10 | B11: PL5B | C11: 7 | D11: - | E11: Comp_OF_PL5A | F11: TRUE | G11: LDQ8 | H11: B4 | I11: =_xlfn.XLOOKUP(H11,'SO-DIMM-i5'!A:A,'SO-DIMM-i5'!B:B,_xlfn.XLOOKUP(H11,'SO-DIMM-i5'!H:H,'SO-DIMM-i5'!G:G,"")) -> 133
A12: 11 | B12: VSS | C12: - | D12: - | E12: - | F12: - | G12: - | H12: - | I12: =_xlfn.XLOOKUP(H12,'SO-DIMM-i5'!A:A,'SO-DIMM-i5'!B:B,_xlfn.XLOOKUP(H12,'SO-DIMM-i5'!H:H,'SO-DIMM-i5'!G:G,""))
A13: 12 | B13: PL5D | C13: 7 | D13: - | E13: Comp_OF_PL5C | F13: - | G13: LDQ8 | H13: B3 | I13: =_xlfn.XLOOKUP(H13,'SO-DIMM-i5'!A:A,'SO-DIMM-i5'!B:B,_xlfn.XLOOKUP(H13,'SO-DIMM-i5'!H:H,'SO-DIMM-i5'!G:G,"")) -> 152
A14: 13 | B14: PL8A | C14: 7 | D14: - | E14: True_OF_PL8B | F14: TRUE | G14: LDQS8 | H14: E4 | I14: =_xlfn.XLOOKUP(H14,'SO-DIMM-i5'!A:A,'SO-DIMM-i5'!B:B,_xlfn.XLOOKUP(H14,'SO-DIMM-i5'!H:H,'SO-DIMM-i5'!G:G,"")) -> 128
A15: 14 | B15: VCC | C15: - | D15: - | E15: - | F15: - | G15: - | H15: - | I15: =_xlfn.XLOOKUP(H15,'SO-DIMM-i5'!A:A,'SO-DIMM-i5'!B:B,_xlfn.XLOOKUP(H15,'SO-DIMM-i5'!H:H,'SO-DIMM-i5'!G:G,""))
A16: 15 | B16: PL8C | C16: 7 | D16: - | E16: True_OF_PL8D | F16: - | G16: LDQ8 | H16: C3 | I16: =_xlfn.XLOOKUP(H16,'SO-DIMM-i5'!A:A,'SO-DIMM-i5'!B:B,_xlfn.XLOOKUP(H16,'SO-DIMM-i5'!H:H,'SO-DIMM-i5'!G:G,"")) -> 135
A17: 16 | B17: PL8B | C17: 7 | D17: - | E17: Comp_OF_PL8A | F17: TRUE | G17: LDQSN8 | H17: D5 | I17: =_xlfn.XLOOKUP(H17,'SO-DIMM-i5'!A:A,'SO-DIMM-i5'!B:B,_xlfn.XLOOKUP(H17,'SO-DIMM-i5'!H:H,'SO-DIMM-i5'!G:G,""))
A18: 17 | B18: VSS | C18: - | D18: - | E18: - | F18: - | G18: - | H18: - | I18: =_xlfn.XLOOKUP(H18,'SO-DIMM-i5'!A:A,'SO-DIMM-i5'!B:B,_xlfn.XLOOKUP(H18,'SO-DIMM-i5'!H:H,'SO-DIMM-i5'!G:G,""))
A19: 18 | B19: PL8D | C19: 7 | D19: - | E19: Comp_OF_PL8C | F19: - | G19: LDQ8 | H19: D3 | I19: =_xlfn.XLOOKUP(H19,'SO-DIMM-i5'!A:A,'SO-DIMM-i5'!B:B,_xlfn.XLOOKUP(H19,'SO-DIMM-i5'!H:H,'SO-DIMM-i5'!G:G,"")) -> 129
A20: 19 | B20: PL11A | C20: 7 | D20: - | E20: True_OF_PL11B | F20: TRUE | G20: LDQ8 | H20: F4 | I20: =_xlfn.XLOOKUP(H20,'SO-DIMM-i5'!A:A,'SO-DIMM-i5'!B:B,_xlfn.XLOOKUP(H20,'SO-DIMM-i5'!H:H,'SO-DIMM-i5'!G:G,"")) -> 126
A21: 20 | B21: VSSIO7 | C21: - | D21: - | E21: - | F21: - | G21: - | H21: - | I21: =_xlfn.XLOOKUP(H21,'SO-DIMM-i5'!A:A,'SO-DIMM-i5'!B:B,_xlfn.XLOOKUP(H21,'SO-DIMM-i5'!H:H,'SO-DIMM-i5'!G:G,""))
A22: 21 | B22: PL11C | C22: 7 | D22: - | E22: True_OF_PL11D | F22: - | G22: LDQ8 | H22: E5 | I22: =_xlfn.XLOOKUP(H22,'SO-DIMM-i5'!A:A,'SO-DIMM-i5'!B:B,_xlfn.XLOOKUP(H22,'SO-DIMM-i5'!H:H,'SO-DIMM-i5'!G:G,"")) -> 124
A23: 22 | B23: PL11B | C23: 7 | D23: - | E23: Comp_OF_PL11A | F23: TRUE | G23: LDQ8 | H23: E3 | I23: =_xlfn.XLOOKUP(H23,'SO-DIMM-i5'!A:A,'SO-DIMM-i5'!B:B,_xlfn.XLOOKUP(H23,'SO-DIMM-i5'!H:H,'SO-DIMM-i5'!G:G,"")) -> 137
A24: 23 | B24: VCCIO7 | C24: - | D24: - | E24: - | F24: - | G24: - | H24: - | I24: =_xlfn.XLOOKUP(H24,'SO-DIMM-i5'!A:A,'SO-DIMM-i5'!B:B,_xlfn.XLOOKUP(H24,'SO-DIMM-i5'!H:H,'SO-DIMM-i5'!G:G,""))
A25: 24 | B25: PL11D | C25: 7 | D25: - | E25: Comp_OF_PL11C | F25: - | G25: LDQ8 | H25: F5 | I25: =_xlfn.XLOOKUP(H25,'SO-DIMM-i5'!A:A,'SO-DIMM-i5'!B:B,_xlfn.XLOOKUP(H25,'SO-DIMM-i5'!H:H,'SO-DIMM-i5'!G:G,"")) -> 120
A26: 25 | B26: PL14A | C26: 7 | D26: - | E26: True_OF_PL14B | F26: TRUE | G26: LDQ20 | H26: A2 | I26: =_xlfn.XLOOKUP(H26,'SO-DIMM-i5'!A:A,'SO-DIMM-i5'!B:B,_xlfn.XLOOKUP(H26,'SO-DIMM-i5'!H:H,'SO-DIMM-i5'!G:G,"")) -> 154
A27: 26 | B27: VSSIO7 | C27: - | D27: - | E27: - | F27: - | G27: - | H27: - | I27: =_xlfn.XLOOKUP(H27,'SO-DIMM-i5'!A:A,'SO-DIMM-i5'!B:B,_xlfn.XLOOKUP(H27,'SO-DIMM-i5'!H:H,'SO-DIMM-i5'!G:G,""))
A28: 27 | B28: PL14C | C28: 7 | D28: VREF1_7 | E28: True_OF_PL14D | F28: - | G28: LDQ20 | H28: B2 | I28: =_xlfn.XLOOKUP(H28,'SO-DIMM-i5'!A:A,'SO-DIMM-i5'!B:B,_xlfn.XLOOKUP(H28,'SO-DIMM-i5'!H:H,'SO-DIMM-i5'!G:G,"")) -> 156
A29: 28 | B29: PL14B | C29: 7 | D29: - | E29: Comp_OF_PL14A | F29: TRUE | G29: LDQ20 | H29: B1 | I29: =_xlfn.XLOOKUP(H29,'SO-DIMM-i5'!A:A,'SO-DIMM-i5'!B:B,_xlfn.XLOOKUP(H29,'SO-DIMM-i5'!H:H,'SO-DIMM-i5'!G:G,"")) -> 143
A30: 29 | B30: VCCIO7 | C30: - | D30: - | E30: - | F30: - | G30: - | H30: - | I30: =_xlfn.XLOOKUP(H30,'SO-DIMM-i5'!A:A,'SO-DIMM-i5'!B:B,_xlfn.XLOOKUP(H30,'SO-DIMM-i5'!H:H,'SO-DIMM-i5'!G:G,""))
A31: 30 | B31: PL14D | C31: 7 | D31: - | E31: Comp_OF_PL14C | F31: - | G31: LDQ20 | H31: C2 | I31: =_xlfn.XLOOKUP(H31,'SO-DIMM-i5'!A:A,'SO-DIMM-i5'!B:B,_xlfn.XLOOKUP(H31,'SO-DIMM-i5'!H:H,'SO-DIMM-i5'!G:G,"")) -> 141
A32: 31 | B32: PL17A | C32: 7 | D32: - | E32: True_OF_PL17B | F32: TRUE | G32: LDQ20 | H32: C1 | I32: =_xlfn.XLOOKUP(H32,'SO-DIMM-i5'!A:A,'SO-DIMM-i5'!B:B,_xlfn.XLOOKUP(H32,'SO-DIMM-i5'!H:H,'SO-DIMM-i5'!G:G,"")) -> 145
A33: 32 | B33: VCCAUX | C33: - | D33: - | E33: - | F33: - | G33: - | H33: - | I33: =_xlfn.XLOOKUP(H33,'SO-DIMM-i5'!A:A,'SO-DIMM-i5'!B:B,_xlfn.XLOOKUP(H33,'SO-DIMM-i5'!H:H,'SO-DIMM-i5'!G:G,""))
A34: 33 | B34: PL17C | C34: 7 | D34: - | E34: True_OF_PL17D | F34: - | G34: LDQ20 | H34: D2 | I34: =_xlfn.XLOOKUP(H34,'SO-DIMM-i5'!A:A,'SO-DIMM-i5'!B:B,_xlfn.XLOOKUP(H34,'SO-DIMM-i5'!H:H,'SO-DIMM-i5'!G:G,"")) -> 147
A35: 34 | B35: PL17B | C35: 7 | D35: - | E35: Comp_OF_PL17A | F35: TRUE | G35: LDQ20 | H35: D1 | I35: =_xlfn.XLOOKUP(H35,'SO-DIMM-i5'!A:A,'SO-DIMM-i5'!B:B,_xlfn.XLOOKUP(H35,'SO-DIMM-i5'!H:H,'SO-DIMM-i5'!G:G,"")) -> 149
A36: 35 | B36: VSS | C36: - | D36: - | E36: - | F36: - | G36: - | H36: - | I36: =_xlfn.XLOOKUP(H36,'SO-DIMM-i5'!A:A,'SO-DIMM-i5'!B:B,_xlfn.XLOOKUP(H36,'SO-DIMM-i5'!H:H,'SO-DIMM-i5'!G:G,""))
A37: 36 | B37: PL17D | C37: 7 | D37: - | E37: Comp_OF_PL17C | F37: - | G37: LDQ20 | H37: E1 | I37: =_xlfn.XLOOKUP(H37,'SO-DIMM-i5'!A:A,'SO-DIMM-i5'!B:B,_xlfn.XLOOKUP(H37,'SO-DIMM-i5'!H:H,'SO-DIMM-i5'!G:G,"")) -> 153
A38: 37 | B38: PL20A | C38: 7 | D38: GR_PCLK7_1 | E38: True_OF_PL20B | F38: TRUE | G38: LDQS20 | H38: H4 | I38: =_xlfn.XLOOKUP(H38,'SO-DIMM-i5'!A:A,'SO-DIMM-i5'!B:B,_xlfn.XLOOKUP(H38,'SO-DIMM-i5'!H:H,'SO-DIMM-i5'!G:G,"")) -> 138 | K38: =I38 -> 138
A39: 38 | B39: VCC | C39: - | D39: - | E39: - | F39: - | G39: - | H39: - | I39: =_xlfn.XLOOKUP(H39,'SO-DIMM-i5'!A:A,'SO-DIMM-i5'!B:B,_xlfn.XLOOKUP(H39,'SO-DIMM-i5'!H:H,'SO-DIMM-i5'!G:G,""))
A40: 39 | B40: PL20C | C40: 7 | D40: GR_PCLK7_0 | E40: True_OF_PL20D | F40: - | G40: LDQ20 | H40: H5 | I40: =_xlfn.XLOOKUP(H40,'SO-DIMM-i5'!A:A,'SO-DIMM-i5'!B:B,_xlfn.XLOOKUP(H40,'SO-DIMM-i5'!H:H,'SO-DIMM-i5'!G:G,"")) -> 140 | K40: =I40 -> 140
A41: 40 | B41: PL20B | C41: 7 | D41: - | E41: Comp_OF_PL20A | F41: TRUE | G41: LDQSN20 | H41: G5 | I41: =_xlfn.XLOOKUP(H41,'SO-DIMM-i5'!A:A,'SO-DIMM-i5'!B:B,_xlfn.XLOOKUP(H41,'SO-DIMM-i5'!H:H,'SO-DIMM-i5'!G:G,"")) -> 116
A42: 41 | B42: VSS | C42: - | D42: - | E42: - | F42: - | G42: - | H42: - | I42: =_xlfn.XLOOKUP(H42,'SO-DIMM-i5'!A:A,'SO-DIMM-i5'!B:B,_xlfn.XLOOKUP(H42,'SO-DIMM-i5'!H:H,'SO-DIMM-i5'!G:G,""))
A43: 42 | B43: PL20D | C43: 7 | D43: - | E43: Comp_OF_PL20C | F43: - | G43: LDQ20 | H43: H3 | I43: =_xlfn.XLOOKUP(H43,'SO-DIMM-i5'!A:A,'SO-DIMM-i5'!B:B,_xlfn.XLOOKUP(H43,'SO-DIMM-i5'!H:H,'SO-DIMM-i5'!G:G,"")) -> 136
A44: 43 | B44: PL23A | C44: 7 | D44: PCLKT7_1 | E44: True_OF_PL23B | F44: TRUE | G44: LDQ20 | H44: G3 | I44: =_xlfn.XLOOKUP(H44,'SO-DIMM-i5'!A:A,'SO-DIMM-i5'!B:B,_xlfn.XLOOKUP(H44,'SO-DIMM-i5'!H:H,'SO-DIMM-i5'!G:G,"")) -> 134 | K44: =I44 -> 134
A45: 44 | B45: VSSIO7 | C45: - | D45: - | E45: - | F45: - | G45: - | H45: - | I45: =_xlfn.XLOOKUP(H45,'SO-DIMM-i5'!A:A,'SO-DIMM-i5'!B:B,_xlfn.XLOOKUP(H45,'SO-DIMM-i5'!H:H,'SO-DIMM-i5'!G:G,""))
A46: 45 | B46: PL23C | C46: 7 | D46: PCLKT7_0 | E46: True_OF_PL23D | F46: - | G46: LDQ20 | H46: F2 | I46: =_xlfn.XLOOKUP(H46,'SO-DIMM-i5'!A:A,'SO-DIMM-i5'!B:B,_xlfn.XLOOKUP(H46,'SO-DIMM-i5'!H:H,'SO-DIMM-i5'!G:G,"")) -> 155 | J46: =I46 -> 155
A47: 46 | B47: PL23B | C47: 7 | D47: PCLKC7_1 | E47: Comp_OF_PL23A | F47: TRUE | G47: LDQ20 | H47: F3 | I47: =_xlfn.XLOOKUP(H47,'SO-DIMM-i5'!A:A,'SO-DIMM-i5'!B:B,_xlfn.XLOOKUP(H47,'SO-DIMM-i5'!H:H,'SO-DIMM-i5'!G:G,"")) -> 132
A48: 47 | B48: VCCIO7 | C48: - | D48: - | E48: - | F48: - | G48: - | H48: - | I48: =_xlfn.XLOOKUP(H48,'SO-DIMM-i5'!A:A,'SO-DIMM-i5'!B:B,_xlfn.XLOOKUP(H48,'SO-DIMM-i5'!H:H,'SO-DIMM-i5'!G:G,""))
A49: 48 | B49: PL23D | C49: 7 | D49: PCLKC7_0 | E49: Comp_OF_PL23C | F49: - | G49: LDQ20 | H49: E2 | I49: =_xlfn.XLOOKUP(H49,'SO-DIMM-i5'!A:A,'SO-DIMM-i5'!B:B,_xlfn.XLOOKUP(H49,'SO-DIMM-i5'!H:H,'SO-DIMM-i5'!G:G,"")) -> 151
A50: 49 | B50: PL26A | C50: 6 | D50: PCLKT6_1 | E50: True_OF_PL26B | F50: TRUE | G50: LDQ32 | H50: G2 | I50: =_xlfn.XLOOKUP(H50,'SO-DIMM-i5'!A:A,'SO-DIMM-i5'!B:B,_xlfn.XLOOKUP(H50,'SO-DIMM-i5'!H:H,'SO-DIMM-i5'!G:G,""))
A51: 50 | B51: VSSIO6 | C51: - | D51: - | E51: - | F51: - | G51: - | H51: - | I51: =_xlfn.XLOOKUP(H51,'SO-DIMM-i5'!A:A,'SO-DIMM-i5'!B:B,_xlfn.XLOOKUP(H51,'SO-DIMM-i5'!H:H,'SO-DIMM-i5'!G:G,""))
A52: 51 | B52: PL26C | C52: 6 | D52: PCLKT6_0 | E52: True_OF_PL26D | F52: - | G52: LDQ32 | H52: H2 | I52: =_xlfn.XLOOKUP(H52,'SO-DIMM-i5'!A:A,'SO-DIMM-i5'!B:B,_xlfn.XLOOKUP(H52,'SO-DIMM-i5'!H:H,'SO-DIMM-i5'!G:G,""))
A53: 52 | B53: PL26B | C53: 6 | D53: PCLKC6_1 | E53: Comp_OF_PL26A | F53: TRUE | G53: LDQ32 | H53: F1 | I53: =_xlfn.XLOOKUP(H53,'SO-DIMM-i5'!A:A,'SO-DIMM-i5'!B:B,_xlfn.XLOOKUP(H53,'SO-DIMM-i5'!H:H,'SO-DIMM-i5'!G:G,"")) -> 130
A54: 53 | B54: VCCIO6 | C54: - | D54: - | E54: - | F54: - | G54: - | H54: - | I54: =_xlfn.XLOOKUP(H54,'SO-DIMM-i5'!A:A,'SO-DIMM-i5'!B:B,_xlfn.XLOOKUP(H54,'SO-DIMM-i5'!H:H,'SO-DIMM-i5'!G:G,""))
A55: 54 | B55: PL26D | C55: 6 | D55: PCLKC6_0 | E55: Comp_OF_PL26C | F55: - | G55: LDQ32 | H55: G1 | I55: =_xlfn.XLOOKUP(H55,'SO-DIMM-i5'!A:A,'SO-DIMM-i5'!B:B,_xlfn.XLOOKUP(H55,'SO-DIMM-i5'!H:H,'SO-DIMM-i5'!G:G,""))
A56: 55 | B56: PL29A | C56: 6 | D56: GR_PCLK6_0 | E56: True_OF_PL29B | F56: TRUE | G56: LDQ32 | H56: J4 | I56: =_xlfn.XLOOKUP(H56,'SO-DIMM-i5'!A:A,'SO-DIMM-i5'!B:B,_xlfn.XLOOKUP(H56,'SO-DIMM-i5'!H:H,'SO-DIMM-i5'!G:G,"")) -> 142 | K56: =I56 -> 142
A57: 56 | B57: VCCAUX | C57: - | D57: - | E57: - | F57: - | G57: - | H57: - | I57: =_xlfn.XLOOKUP(H57,'SO-DIMM-i5'!A:A,'SO-DIMM-i5'!B:B,_xlfn.XLOOKUP(H57,'SO-DIMM-i5'!H:H,'SO-DIMM-i5'!G:G,""))
A58: 57 | B58: PL29C | C58: 6 | D58: GR_PCLK6_1 | E58: True_OF_PL29D | F58: - | G58: LDQ32 | H58: J3 | I58: =_xlfn.XLOOKUP(H58,'SO-DIMM-i5'!A:A,'SO-DIMM-i5'!B:B,_xlfn.XLOOKUP(H58,'SO-DIMM-i5'!H:H,'SO-DIMM-i5'!G:G,""))
A59: 58 | B59: PL29B | C59: 6 | D59: - | E59: Comp_OF_PL29A | F59: TRUE | G59: LDQ32 | H59: J5 | I59: =_xlfn.XLOOKUP(H59,'SO-DIMM-i5'!A:A,'SO-DIMM-i5'!B:B,_xlfn.XLOOKUP(H59,'SO-DIMM-i5'!H:H,'SO-DIMM-i5'!G:G,"")) -> 144
A60: 59 | B60: VSS | C60: - | D60: - | E60: - | F60: - | G60: - | H60: - | I60: =_xlfn.XLOOKUP(H60,'SO-DIMM-i5'!A:A,'SO-DIMM-i5'!B:B,_xlfn.XLOOKUP(H60,'SO-DIMM-i5'!H:H,'SO-DIMM-i5'!G:G,""))
A61: 60 | B61: PL29D | C61: 6 | D61: - | E61: Comp_OF_PL29C | F61: - | G61: LDQ32 | H61: K3 | I61: =_xlfn.XLOOKUP(H61,'SO-DIMM-i5'!A:A,'SO-DIMM-i5'!B:B,_xlfn.XLOOKUP(H61,'SO-DIMM-i5'!H:H,'SO-DIMM-i5'!G:G,"")) -> 146
A62: 61 | B62: PL32A | C62: 6 | D62: - | E62: True_OF_PL32B | F62: TRUE | G62: LDQS32 | H62: K2 | I62: =_xlfn.XLOOKUP(H62,'SO-DIMM-i5'!A:A,'SO-DIMM-i5'!B:B,_xlfn.XLOOKUP(H62,'SO-DIMM-i5'!H:H,'SO-DIMM-i5'!G:G,""))
A63: 62 | B63: VCC | C63: - | D63: - | E63: - | F63: - | G63: - | H63: - | I63: =_xlfn.XLOOKUP(H63,'SO-DIMM-i5'!A:A,'SO-DIMM-i5'!B:B,_xlfn.XLOOKUP(H63,'SO-DIMM-i5'!H:H,'SO-DIMM-i5'!G:G,""))
A64: 63 | B64: PL32C | C64: 6 | D64: - | E64: True_OF_PL32D | F64: - | G64: LDQ32 | H64: H1 | I64: =_xlfn.XLOOKUP(H64,'SO-DIMM-i5'!A:A,'SO-DIMM-i5'!B:B,_xlfn.XLOOKUP(H64,'SO-DIMM-i5'!H:H,'SO-DIMM-i5'!G:G,""))
A65: 64 | B65: PL32B | C65: 6 | D65: - | E65: Comp_OF_PL32A | F65: TRUE | G65: LDQSN32 | H65: J1 | I65: =_xlfn.XLOOKUP(H65,'SO-DIMM-i5'!A:A,'SO-DIMM-i5'!B:B,_xlfn.XLOOKUP(H65,'SO-DIMM-i5'!H:H,'SO-DIMM-i5'!G:G,""))
A66: 65 | B66: VSS | C66: - | D66: - | E66: - | F66: - | G66: - | H66: - | I66: =_xlfn.XLOOKUP(H66,'SO-DIMM-i5'!A:A,'SO-DIMM-i5'!B:B,_xlfn.XLOOKUP(H66,'SO-DIMM-i5'!H:H,'SO-DIMM-i5'!G:G,""))
A67: 66 | B67: PL32D | C67: 6 | D67: - | E67: Comp_OF_PL32C | F67: - | G67: LDQ32 | H67: K1 | I67: =_xlfn.XLOOKUP(H67,'SO-DIMM-i5'!A:A,'SO-DIMM-i5'!B:B,_xlfn.XLOOKUP(H67,'SO-DIMM-i5'!H:H,'SO-DIMM-i5'!G:G,""))
A68: 67 | B68: PL35A | C68: 6 | D68: - | E68: True_OF_PL35B | F68: TRUE | G68: LDQ32 | H68: K4 | I68: =_xlfn.XLOOKUP(H68,'SO-DIMM-i5'!A:A,'SO-DIMM-i5'!B:B,_xlfn.XLOOKUP(H68,'SO-DIMM-i5'!H:H,'SO-DIMM-i5'!G:G,"")) -> 148
A69: 68 | B69: VSSIO6 | C69: - | D69: - | E69: - | F69: - | G69: - | H69: - | I69: =_xlfn.XLOOKUP(H69,'SO-DIMM-i5'!A:A,'SO-DIMM-i5'!B:B,_xlfn.XLOOKUP(H69,'SO-DIMM-i5'!H:H,'SO-DIMM-i5'!G:G,""))
A70: 69 | B70: PL35C | C70: 6 | D70: - | E70: True_OF_PL35D | F70: - | G70: LDQ32 | H70: L4 | I70: =_xlfn.XLOOKUP(H70,'SO-DIMM-i5'!A:A,'SO-DIMM-i5'!B:B,_xlfn.XLOOKUP(H70,'SO-DIMM-i5'!H:H,'SO-DIMM-i5'!G:G,"")) -> 74
A71: 70 | B71: PL35B | C71: 6 | D71: VREF1_6 | E71: Comp_OF_PL35A | F71: TRUE | G71: LDQ32 | H71: K5 | I71: =_xlfn.XLOOKUP(H71,'SO-DIMM-i5'!A:A,'SO-DIMM-i5'!B:B,_xlfn.XLOOKUP(H71,'SO-DIMM-i5'!H:H,'SO-DIMM-i5'!G:G,"")) -> 150
A72: 71 | B72: VCCIO6 | C72: - | D72: - | E72: - | F72: - | G72: - | H72: - | I72: =_xlfn.XLOOKUP(H72,'SO-DIMM-i5'!A:A,'SO-DIMM-i5'!B:B,_xlfn.XLOOKUP(H72,'SO-DIMM-i5'!H:H,'SO-DIMM-i5'!G:G,""))
A73: 72 | B73: PL35D | C73: 6 | D73: - | E73: Comp_OF_PL35C | F73: - | G73: LDQ32 | H73: L5 | I73: =_xlfn.XLOOKUP(H73,'SO-DIMM-i5'!A:A,'SO-DIMM-i5'!B:B,_xlfn.XLOOKUP(H73,'SO-DIMM-i5'!H:H,'SO-DIMM-i5'!G:G,"")) -> 76
A74: 73 | B74: PL38A | C74: 6 | D74: - | E74: True_OF_PL38B | F74: TRUE | G74: LDQ44 | H74: M4 | I74: =_xlfn.XLOOKUP(H74,'SO-DIMM-i5'!A:A,'SO-DIMM-i5'!B:B,_xlfn.XLOOKUP(H74,'SO-DIMM-i5'!H:H,'SO-DIMM-i5'!G:G,"")) -> 72
A75: 74 | B75: VSSIO6 | C75: - | D75: - | E75: - | F75: - | G75: - | H75: - | I75: =_xlfn.XLOOKUP(H75,'SO-DIMM-i5'!A:A,'SO-DIMM-i5'!B:B,_xlfn.XLOOKUP(H75,'SO-DIMM-i5'!H:H,'SO-DIMM-i5'!G:G,""))
A76: 75 | B76: PL38C | C76: 6 | D76: - | E76: True_OF_PL38D | F76: - | G76: LDQ44 | H76: N4 | I76: =_xlfn.XLOOKUP(H76,'SO-DIMM-i5'!A:A,'SO-DIMM-i5'!B:B,_xlfn.XLOOKUP(H76,'SO-DIMM-i5'!H:H,'SO-DIMM-i5'!G:G,"")) -> 70
A77: 76 | B77: PL38B | C77: 6 | D77: - | E77: Comp_OF_PL38A | F77: TRUE | G77: LDQ44 | H77: N5 | I77: =_xlfn.XLOOKUP(H77,'SO-DIMM-i5'!A:A,'SO-DIMM-i5'!B:B,_xlfn.XLOOKUP(H77,'SO-DIMM-i5'!H:H,'SO-DIMM-i5'!G:G,""))
A78: 77 | B78: VCCIO6 | C78: - | D78: - | E78: - | F78: - | G78: - | H78: - | I78: =_xlfn.XLOOKUP(H78,'SO-DIMM-i5'!A:A,'SO-DIMM-i5'!B:B,_xlfn.XLOOKUP(H78,'SO-DIMM-i5'!H:H,'SO-DIMM-i5'!G:G,""))
A79: 78 | B79: PL38D | C79: 6 | D79: - | E79: Comp_OF_PL38C | F79: - | G79: LDQ44 | H79: P5 | I79: =_xlfn.XLOOKUP(H79,'SO-DIMM-i5'!A:A,'SO-DIMM-i5'!B:B,_xlfn.XLOOKUP(H79,'SO-DIMM-i5'!H:H,'SO-DIMM-i5'!G:G,""))
A80: 79 | B80: PL41A | C80: 6 | D80: - | E80: True_OF_PL41B | F80: TRUE | G80: LDQ44 | H80: N3 | I80: =_xlfn.XLOOKUP(H80,'SO-DIMM-i5'!A:A,'SO-DIMM-i5'!B:B,_xlfn.XLOOKUP(H80,'SO-DIMM-i5'!H:H,'SO-DIMM-i5'!G:G,"")) -> 60
A81: 80 | B81: VCCAUX | C81: - | D81: - | E81: - | F81: - | G81: - | H81: - | I81: =_xlfn.XLOOKUP(H81,'SO-DIMM-i5'!A:A,'SO-DIMM-i5'!B:B,_xlfn.XLOOKUP(H81,'SO-DIMM-i5'!H:H,'SO-DIMM-i5'!G:G,""))
A82: 81 | B82: PL41C | C82: 6 | D82: - | E82: True_OF_PL41D | F82: - | G82: LDQ44 | H82: L3 | I82: =_xlfn.XLOOKUP(H82,'SO-DIMM-i5'!A:A,'SO-DIMM-i5'!B:B,_xlfn.XLOOKUP(H82,'SO-DIMM-i5'!H:H,'SO-DIMM-i5'!G:G,""))
A83: 82 | B83: PL41B | C83: 6 | D83: - | E83: Comp_OF_PL41A | F83: TRUE | G83: LDQ44 | H83: M3 | I83: =_xlfn.XLOOKUP(H83,'SO-DIMM-i5'!A:A,'SO-DIMM-i5'!B:B,_xlfn.XLOOKUP(H83,'SO-DIMM-i5'!H:H,'SO-DIMM-i5'!G:G,"")) -> 64
A84: 83 | B84: VSS | C84: - | D84: - | E84: - | F84: - | G84: - | H84: - | I84: =_xlfn.XLOOKUP(H84,'SO-DIMM-i5'!A:A,'SO-DIMM-i5'!B:B,_xlfn.XLOOKUP(H84,'SO-DIMM-i5'!H:H,'SO-DIMM-i5'!G:G,""))
A85: 84 | B85: PL41D | C85: 6 | D85: - | E85: Comp_OF_PL41C | F85: - | G85: LDQ44 | H85: L2 | I85: =_xlfn.XLOOKUP(H85,'SO-DIMM-i5'!A:A,'SO-DIMM-i5'!B:B,_xlfn.XLOOKUP(H85,'SO-DIMM-i5'!H:H,'SO-DIMM-i5'!G:G,""))
A86: 85 | B86: PL44A | C86: 6 | D86: - | E86: True_OF_PL44B | F86: TRUE | G86: LDQS44 | H86: N2 | I86: =_xlfn.XLOOKUP(H86,'SO-DIMM-i5'!A:A,'SO-DIMM-i5'!B:B,_xlfn.XLOOKUP(H86,'SO-DIMM-i5'!H:H,'SO-DIMM-i5'!G:G,"")) -> 58
A87: 86 | B87: VCC | C87: - | D87: - | E87: - | F87: - | G87: - | H87: - | I87: =_xlfn.XLOOKUP(H87,'SO-DIMM-i5'!A:A,'SO-DIMM-i5'!B:B,_xlfn.XLOOKUP(H87,'SO-DIMM-i5'!H:H,'SO-DIMM-i5'!G:G,""))
A88: 87 | B88: PL44C | C88: 6 | D88: - | E88: True_OF_PL44D | F88: - | G88: LDQ44 | H88: L1 | I88: =_xlfn.XLOOKUP(H88,'SO-DIMM-i5'!A:A,'SO-DIMM-i5'!B:B,_xlfn.XLOOKUP(H88,'SO-DIMM-i5'!H:H,'SO-DIMM-i5'!G:G,""))
A89: 88 | B89: PL44B | C89: 6 | D89: - | E89: Comp_OF_PL44A | F89: TRUE | G89: LDQSN44 | H89: M1 | I89: =_xlfn.XLOOKUP(H89,'SO-DIMM-i5'!A:A,'SO-DIMM-i5'!B:B,_xlfn.XLOOKUP(H89,'SO-DIMM-i5'!H:H,'SO-DIMM-i5'!G:G,"")) -> 54
A90: 89 | B90: VSS | C90: - | D90: - | E90: - | F90: - | G90: - | H90: - | I90: =_xlfn.XLOOKUP(H90,'SO-DIMM-i5'!A:A,'SO-DIMM-i5'!B:B,_xlfn.XLOOKUP(H90,'SO-DIMM-i5'!H:H,'SO-DIMM-i5'!G:G,""))
A91: 90 | B91: PL44D | C91: 6 | D91: - | E91: Comp_OF_PL44C | F91: - | G91: LDQ44 | H91: N1 | I91: =_xlfn.XLOOKUP(H91,'SO-DIMM-i5'!A:A,'SO-DIMM-i5'!B:B,_xlfn.XLOOKUP(H91,'SO-DIMM-i5'!H:H,'SO-DIMM-i5'!G:G,""))
A92: 91 | B92: PL47A | C92: 6 | D92: - | E92: True_OF_PL47B | F92: TRUE | G92: LDQ44 | H92: P1 | I92: =_xlfn.XLOOKUP(H92,'SO-DIMM-i5'!A:A,'SO-DIMM-i5'!B:B,_xlfn.XLOOKUP(H92,'SO-DIMM-i5'!H:H,'SO-DIMM-i5'!G:G,""))
A93: 92 | B93: VSSIO6 | C93: - | D93: - | E93: - | F93: - | G93: - | H93: - | I93: =_xlfn.XLOOKUP(H93,'SO-DIMM-i5'!A:A,'SO-DIMM-i5'!B:B,_xlfn.XLOOKUP(H93,'SO-DIMM-i5'!H:H,'SO-DIMM-i5'!G:G,""))
A94: 93 | B94: PL47B | C94: 6 | D94: - | E94: Comp_OF_PL47A | F94: TRUE | G94: LDQ44 | H94: P2 | I94: =_xlfn.XLOOKUP(H94,'SO-DIMM-i5'!A:A,'SO-DIMM-i5'!B:B,_xlfn.XLOOKUP(H94,'SO-DIMM-i5'!H:H,'SO-DIMM-i5'!G:G,""))
A95: 94 | B95: VCCIO6 | C95: - | D95: - | E95: - | F95: - | G95: - | H95: - | I95: =_xlfn.XLOOKUP(H95,'SO-DIMM-i5'!A:A,'SO-DIMM-i5'!B:B,_xlfn.XLOOKUP(H95,'SO-DIMM-i5'!H:H,'SO-DIMM-i5'!G:G,""))
A96: 95 | B96: PL47C | C96: 6 | D96: LLC_GPLL0T_IN | E96: True_OF_PL47D | F96: - | G96: LDQ44 | H96: P3 | I96: =_xlfn.XLOOKUP(H96,'SO-DIMM-i5'!A:A,'SO-DIMM-i5'!B:B,_xlfn.XLOOKUP(H96,'SO-DIMM-i5'!H:H,'SO-DIMM-i5'!G:G,""))
A97: 96 | B97: PL47D | C97: 6 | D97: LLC_GPLL0C_IN | E97: Comp_OF_PL47C | F97: - | G97: LDQ44 | H97: P4 | I97: =_xlfn.XLOOKUP(H97,'SO-DIMM-i5'!A:A,'SO-DIMM-i5'!B:B,_xlfn.XLOOKUP(H97,'SO-DIMM-i5'!H:H,'SO-DIMM-i5'!G:G,""))
A98: 97 | B98: NC | C98: - | D98: - | E98: - | F98: - | G98: - | H98: - | I98: =_xlfn.XLOOKUP(H98,'SO-DIMM-i5'!A:A,'SO-DIMM-i5'!B:B,_xlfn.XLOOKUP(H98,'SO-DIMM-i5'!H:H,'SO-DIMM-i5'!G:G,""))
A99: 98 | B99: NC | C99: - | D99: - | E99: - | F99: - | G99: - | H99: - | I99: =_xlfn.XLOOKUP(H99,'SO-DIMM-i5'!A:A,'SO-DIMM-i5'!B:B,_xlfn.XLOOKUP(H99,'SO-DIMM-i5'!H:H,'SO-DIMM-i5'!G:G,""))
A100: 99 | B100: GND | C100: - | D100: - | E100: - | F100: - | G100: - | H100: - | I100: =_xlfn.XLOOKUP(H100,'SO-DIMM-i5'!A:A,'SO-DIMM-i5'!B:B,_xlfn.XLOOKUP(H100,'SO-DIMM-i5'!H:H,'SO-DIMM-i5'!G:G,""))
...

Sheet SO-DIMM-i9
A1: Function | B1: Top-Pin | C1: Bank | D1: CLK | E1: CLK | F1: Bank | G1: Bot-Pin | H1: Function | K1: Clocks
A2: GND | B2: 1 | C2: =_xlfn.XLOOKUP(B2,'FPGA-SC-02033-2-0-ECP5U-25-Pino'!I:I,'FPGA-SC-02033-2-0-ECP5U-25-Pino'!C:C,"") | D2: =COUNTIF(K:K,A2) -> 0 | E2: =COUNTIF(K:K,H2) -> 0 | F2: =_xlfn.XLOOKUP(G2,'FPGA-SC-02033-2-0-ECP5U-25-Pino'!I:I,'FPGA-SC-02033-2-0-ECP5U-25-Pino'!C:C,"") | G2: 2 | H2: 5V | I2: =D2+E2 -> 0 | K2: H4
A3: GND | B3: 3 | C3: =_xlfn.XLOOKUP(B3,'FPGA-SC-02033-2-0-ECP5U-25-Pino'!I:I,'FPGA-SC-02033-2-0-ECP5U-25-Pino'!C:C,"") | D3: =COUNTIF(K:K,A3) -> 0 | E3: =COUNTIF(K:K,H3) -> 0 | F3: =_xlfn.XLOOKUP(G3,'FPGA-SC-02033-2-0-ECP5U-25-Pino'!I:I,'FPGA-SC-02033-2-0-ECP5U-25-Pino'!C:C,"") | G3: 4 | H3: 5V | I3: =D3+E3 -> 0 | K3: H5
A4: GND | B4: 5 | C4: =_xlfn.XLOOKUP(B4,'FPGA-SC-02033-2-0-ECP5U-25-Pino'!I:I,'FPGA-SC-02033-2-0-ECP5U-25-Pino'!C:C,"") | D4: =COUNTIF(K:K,A4) -> 0 | E4: =COUNTIF(K:K,H4) -> 0 | F4: =_xlfn.XLOOKUP(G4,'FPGA-SC-02033-2-0-ECP5U-25-Pino'!I:I,'FPGA-SC-02033-2-0-ECP5U-25-Pino'!C:C,"") | G4: 6 | H4: 5V | I4: =D4+E4 -> 0 | K4: G3
A5: GND | B5: 7 | C5: =_xlfn.XLOOKUP(B5,'FPGA-SC-02033-2-0-ECP5U-25-Pino'!I:I,'FPGA-SC-02033-2-0-ECP5U-25-Pino'!C:C,"") | D5: =COUNTIF(K:K,A5) -> 0 | E5: =COUNTIF(K:K,H5) -> 0 | F5: =_xlfn.XLOOKUP(G5,'FPGA-SC-02033-2-0-ECP5U-25-Pino'!I:I,'FPGA-SC-02033-2-0-ECP5U-25-Pino'!C:C,"") | G5: 8 | H5: 5V | I5: =D5+E5 -> 0 | K5: F2
A6: GND | B6: 9 | C6: =_xlfn.XLOOKUP(B6,'FPGA-SC-02033-2-0-ECP5U-25-Pino'!I:I,'FPGA-SC-02033-2-0-ECP5U-25-Pino'!C:C,"") | D6: =COUNTIF(K:K,A6) -> 0 | E6: =COUNTIF(K:K,H6) -> 0 | F6: =_xlfn.XLOOKUP(G6,'FPGA-SC-02033-2-0-ECP5U-25-Pino'!I:I,'FPGA-SC-02033-2-0-ECP5U-25-Pino'!C:C,"") | G6: 10 | H6: 5V | I6: =D6+E6 -> 0 | K6: F3
A7: GND | B7: 11 | C7: =_xlfn.XLOOKUP(B7,'FPGA-SC-02033-2-0-ECP5U-25-Pino'!I:I,'FPGA-SC-02033-2-0-ECP5U-25-Pino'!C:C,"") | D7: =COUNTIF(K:K,A7) -> 0 | E7: =COUNTIF(K:K,H7) -> 0 | F7: =_xlfn.XLOOKUP(G7,'FPGA-SC-02033-2-0-ECP5U-25-Pino'!I:I,'FPGA-SC-02033-2-0-ECP5U-25-Pino'!C:C,"") | G7: 12 | H7: 5V | I7: =D7+E7 -> 0 | K7: E2
A8: NC | B8: 13 | C8: =_xlfn.XLOOKUP(B8,'FPGA-SC-02033-2-0-ECP5U-25-Pino'!I:I,'FPGA-SC-02033-2-0-ECP5U-25-Pino'!C:C,"") | D8: =COUNTIF(K:K,A8) -> 0 | E8: =COUNTIF(K:K,H8) -> 0 | F8: =_xlfn.XLOOKUP(G8,'FPGA-SC-02033-2-0-ECP5U-25-Pino'!I:I,'FPGA-SC-02033-2-0-ECP5U-25-Pino'!C:C,"") | G8: 14 | H8: NC | I8: =D8+E8 -> 0 | K8: F1
A9: ETH1_1P | B9: 15 | C9: =_xlfn.XLOOKUP(B9,'FPGA-SC-02033-2-0-ECP5U-25-Pino'!I:I,'FPGA-SC-02033-2-0-ECP5U-25-Pino'!C:C,"") | D9: =COUNTIF(K:K,A9) -> 0 | E9: =COUNTIF(K:K,H9) -> 0 | F9: =_xlfn.XLOOKUP(G9,'FPGA-SC-02033-2-0-ECP5U-25-Pino'!I:I,'FPGA-SC-02033-2-0-ECP5U-25-Pino'!C:C,"") | G9: 16 | H9: ETH2_1P | I9: =D9+E9 -> 0 | K9: J4
A10: ETH1_1N | B10: 17 | C10: =_xlfn.XLOOKUP(B10,'FPGA-SC-02033-2-0-ECP5U-25-Pino'!I:I,'FPGA-SC-02033-2-0-ECP5U-25-Pino'!C:C,"") | D10: =COUNTIF(K:K,A10) -> 0 | E10: =COUNTIF(K:K,H10) -> 0 | F10: =_xlfn.XLOOKUP(G10,'FPGA-SC-02033-2-0-ECP5U-25-Pino'!I:I,'FPGA-SC-02033-2-0-ECP5U-25-Pino'!C:C,"") | G10: 18 | H10: ETH2_1N | I10: =D10+E10 -> 0 | K10: L18
A11: NC | B11: 19 | C11: =_xlfn.XLOOKUP(B11,'FPGA-SC-02033-2-0-ECP5U-25-Pino'!I:I,'FPGA-SC-02033-2-0-ECP5U-25-Pino'!C:C,"") | D11: =COUNTIF(K:K,A11) -> 0 | E11: =COUNTIF(K:K,H11) -> 0 | F11: =_xlfn.XLOOKUP(G11,'FPGA-SC-02033-2-0-ECP5U-25-Pino'!I:I,'FPGA-SC-02033-2-0-ECP5U-25-Pino'!C:C,"") | G11: 20 | H11: NC | I11: =D11+E11 -> 0 | K11: L20
A12: ETH1_2N | B12: 21 | C12: =_xlfn.XLOOKUP(B12,'FPGA-SC-02033-2-0-ECP5U-25-Pino'!I:I,'FPGA-SC-02033-2-0-ECP5U-25-Pino'!C:C,"") | D12: =COUNTIF(K:K,A12) -> 0 | E12: =COUNTIF(K:K,H12) -> 0 | F12: =_xlfn.XLOOKUP(G12,'FPGA-SC-02033-2-0-ECP5U-25-Pino'!I:I,'FPGA-SC-02033-2-0-ECP5U-25-Pino'!C:C,"") | G12: 22 | H12: ETH2_2N | I12: =D12+E12 -> 0 | K12: K20
A13: ETH1_2P | B13: 23 | C13: =_xlfn.XLOOKUP(B13,'FPGA-SC-02033-2-0-ECP5U-25-Pino'!I:I,'FPGA-SC-02033-2-0-ECP5U-25-Pino'!C:C,"") | D13: =COUNTIF(K:K,A13) -> 0 | E13: =COUNTIF(K:K,H13) -> 0 | F13: =_xlfn.XLOOKUP(G13,'FPGA-SC-02033-2-0-ECP5U-25-Pino'!I:I,'FPGA-SC-02033-2-0-ECP5U-25-Pino'!C:C,"") | G13: 24 | H13: ETH2_2P | I13: =D13+E13 -> 0 | K13: K19
... A17: NC | B17: 31 | C17: =_xlfn.XLOOKUP(B17,'FPGA-SC-02033-2-0-ECP5U-25-Pino'!I:I,'FPGA-SC-02033-2-0-ECP5U-25-Pino'!C:C,"") | D17: =COUNTIF(K:K,A17) -> 0 | E17: =COUNTIF(K:K,H17) -> 0 | F17: =_xlfn.XLOOKUP(G17,'FPGA-SC-02033-2-0-ECP5U-25-Pino'!I:I,'FPGA-SC-02033-2-0-ECP5U-25-Pino'!C:C,"") | G17: 32 | H17: NC | I17: =D17+E17 -> 0 | K17: G19
A18: ETH1_4N | B18: 33 | C18: =_xlfn.XLOOKUP(B18,'FPGA-SC-02033-2-0-ECP5U-25-Pino'!I:I,'FPGA-SC-02033-2-0-ECP5U-25-Pino'!C:C,"") | D18: =COUNTIF(K:K,A18) -> 0 | E18: =COUNTIF(K:K,H18) -> 0 | F18: =_xlfn.XLOOKUP(G18,'FPGA-SC-02033-2-0-ECP5U-25-Pino'!I:I,'FPGA-SC-02033-2-0-ECP5U-25-Pino'!C:C,"") | G18: 34 | H18: ETH2_4N | I18: =D18+E18 -> 0
A19: ETH1_4P | B19: 35 | C19: =_xlfn.XLOOKUP(B19,'FPGA-SC-02033-2-0-ECP5U-25-Pino'!I:I,'FPGA-SC-02033-2-0-ECP5U-25-Pino'!C:C,"") | D19: =COUNTIF(K:K,A19) -> 0 | E19: =COUNTIF(K:K,H19) -> 0 | F19: =_xlfn.XLOOKUP(G19,'FPGA-SC-02033-2-0-ECP5U-25-Pino'!I:I,'FPGA-SC-02033-2-0-ECP5U-25-Pino'!C:C,"") | G19: 36 | H19: ETH2_4P | I19: =D19+E19 -> 0
A20: NC | B20: 37 | C20: =_xlfn.XLOOKUP(B20,'FPGA-SC-02033-2-0-ECP5U-25-Pino'!I:I,'FPGA-SC-02033-2-0-ECP5U-25-Pino'!C:C,"") | D20: =COUNTIF(K:K,A20) -> 0 | E20: =COUNTIF(K:K,H20) -> 0 | F20: =_xlfn.XLOOKUP(G20,'FPGA-SC-02033-2-0-ECP5U-25-Pino'!I:I,'FPGA-SC-02033-2-0-ECP5U-25-Pino'!C:C,"") | G20: 38 | H20: NC | I20: =D20+E20 -> 0
A21: GND | B21: 39 | C21: =_xlfn.XLOOKUP(B21,'FPGA-SC-02033-2-0-ECP5U-25-Pino'!I:I,'FPGA-SC-02033-2-0-ECP5U-25-Pino'!C:C,"") | D21: =COUNTIF(K:K,A21) -> 0 | E21: =COUNTIF(K:K,H21) -> 0 | F21: =_xlfn.XLOOKUP(G21,'FPGA-SC-02033-2-0-ECP5U-25-Pino'!I:I,'FPGA-SC-02033-2-0-ECP5U-25-Pino'!C:C,"") | G21: 40 | H21: GND | I21: =D21+E21 -> 0
I22: =D22+E22 -> 0
I23: =D23+E23 -> 0
A24: L2 | B24: 41 | C24: =_xlfn.XLOOKUP(B24,'FPGA-SC-02033-2-0-ECP5U-25-Pino'!I:I,'FPGA-SC-02033-2-0-ECP5U-25-Pino'!C:C,"") -> 3 | D24: =COUNTIF(K:K,A24) -> 0 | E24: =COUNTIF(K:K,H24) -> 0 | F24: =_xlfn.XLOOKUP(G24,'FPGA-SC-02033-2-0-ECP5U-25-Pino'!I:I,'FPGA-SC-02033-2-0-ECP5U-25-Pino'!C:C,"") -> 8 | G24: 42 | H24: R1 | I24: =D24+E24 -> 0
A25: NC | B25: 43 | C25: =_xlfn.XLOOKUP(B25,'FPGA-SC-02033-2-0-ECP5U-25-Pino'!I:I,'FPGA-SC-02033-2-0-ECP5U-25-Pino'!C:C,"") | D25: =COUNTIF(K:K,A25) -> 0 | E25: =COUNTIF(K:K,H25) -> 0 | F25: =_xlfn.XLOOKUP(G25,'FPGA-SC-02033-2-0-ECP5U-25-Pino'!I:I,'FPGA-SC-02033-2-0-ECP5U-25-Pino'!C:C,"") -> 8 | G25: 44 | H25: T1 | I25: =D25+E25 -> 0
A26: NC | B26: 45 | C26: =_xlfn.XLOOKUP(B26,'FPGA-SC-02033-2-0-ECP5U-25-Pino'!I:I,'FPGA-SC-02033-2-0-ECP5U-25-Pino'!C:C,"") | D26: =COUNTIF(K:K,A26) -> 0 | E26: =COUNTIF(K:K,H26) -> 0 | F26: =_xlfn.XLOOKUP(G26,'FPGA-SC-02033-2-0-ECP5U-25-Pino'!I:I,'FPGA-SC-02033-2-0-ECP5U-25-Pino'!C:C,"") -> 8 | G26: 46 | H26: U1 | I26: =D26+E26 -> 0
A27: NC | B27: 47 | C27: =_xlfn.XLOOKUP(B27,'FPGA-SC-02033-2-0-ECP5U-25-Pino'!I:I,'FPGA-SC-02033-2-0-ECP5U-25-Pino'!C:C,"") | D27: =COUNTIF(K:K,A27) -> 0 | E27: =COUNTIF(K:K,H27) -> 0 | F27: =_xlfn.XLOOKUP(G27,'FPGA-SC-02033-2-0-ECP5U-25-Pino'!I:I,'FPGA-SC-02033-2-0-ECP5U-25-Pino'!C:C,"") -> 8 | G27: 48 | H27: Y2 | I27: =D27+E27 -> 0
A28: K18 | B28: 49 | C28: =_xlfn.XLOOKUP(B28,'FPGA-SC-02033-2-0-ECP5U-25-Pino'!I:I,'FPGA-SC-02033-2-0-ECP5U-25-Pino'!C:C,"") -> 2 | D28: =COUNTIF(K:K,A28) -> 0 | E28: =COUNTIF(K:K,H28) -> 0 | F28: =_xlfn.XLOOKUP(G28,'FPGA-SC-02033-2-0-ECP5U-25-Pino'!I:I,'FPGA-SC-02033-2-0-ECP5U-25-Pino'!C:C,"") -> 8 | G28: 50 | H28: W1 | I28: =D28+E28 -> 0
A29: C18 | B29: 51 | C29: =_xlfn.XLOOKUP(B29,'FPGA-SC-02033-2-0-ECP5U-25-Pino'!I:I,'FPGA-SC-02033-2-0-ECP5U-25-Pino'!C:C,"") -> 2 | D29: =COUNTIF(K:K,A29) -> 0 | E29: =COUNTIF(K:K,H29) -> 0 | F29: =_xlfn.XLOOKUP(G29,'FPGA-SC-02033-2-0-ECP5U-25-Pino'!I:I,'FPGA-SC-02033-2-0-ECP5U-25-Pino'!C:C,"") -> 8 | G29: 52 | H29: V1 | I29: =D29+E29 -> 0
A30: NC | B30: 53 | C30: =_xlfn.XLOOKUP(B30,'FPGA-SC-02033-2-0-ECP5U-25-Pino'!I:I,'FPGA-SC-02033-2-0-ECP5U-25-Pino'!C:C,"") | D30: =COUNTIF(K:K,A30) -> 0 | E30: =COUNTIF(K:K,H30) -> 0 | F30: =_xlfn.XLOOKUP(G30,'FPGA-SC-02033-2-0-ECP5U-25-Pino'!I:I,'FPGA-SC-02033-2-0-ECP5U-25-Pino'!C:C,"") -> 6 | G30: 54 | H30: M1 | I30: =D30+E30 -> 0
A31: GND | B31: 55 | C31: =_xlfn.XLOOKUP(B31,'FPGA-SC-02033-2-0-ECP5U-25-Pino'!I:I,'FPGA-SC-02033-2-0-ECP5U-25-Pino'!C:C,"") | D31: =COUNTIF(K:K,A31) -> 0 | E31: =COUNTIF(K:K,H31) -> 0 | F31: =_xlfn.XLOOKUP(G31,'FPGA-SC-02033-2-0-ECP5U-25-Pino'!I:I,'FPGA-SC-02033-2-0-ECP5U-25-Pino'!C:C,"") | G31: 56 | H31: GND | I31: =D31+E31 -> 0
A32: T18 | B32: 57 | C32: =_xlfn.XLOOKUP(B32,'FPGA-SC-02033-2-0-ECP5U-25-Pino'!I:I,'FPGA-SC-02033-2-0-ECP5U-25-Pino'!C:C,"") -> 3 | D32: =COUNTIF(K:K,A32) -> 0 | E32: =COUNTIF(K:K,H32) -> 0 | F32: =_xlfn.XLOOKUP(G32,'FPGA-SC-02033-2-0-ECP5U-25-Pino'!I:I,'FPGA-SC-02033-2-0-ECP5U-25-Pino'!C:C,"") -> 6 | G32: 58 | H32: N2 | I32: =D32+E32 -> 0
A33: R18 | B33: 59 | C33: =_xlfn.XLOOKUP(B33,'FPGA-SC-02033-2-0-ECP5U-25-Pino'!I:I,'FPGA-SC-02033-2-0-ECP5U-25-Pino'!C:C,"") -> 3 | D33: =COUNTIF(K:K,A33) -> 0 | E33: =COUNTIF(K:K,H33) -> 0 | F33: =_xlfn.XLOOKUP(G33,'FPGA-SC-02033-2-0-ECP5U-25-Pino'!I:I,'FPGA-SC-02033-2-0-ECP5U-25-Pino'!C:C,"") -> 6 | G33: 60 | H33: N3 | I33: =D33+E33 -> 0
A34: R17 | B34: 61 | C34: =_xlfn.XLOOKUP(B34,'FPGA-SC-02033-2-0-ECP5U-25-Pino'!I:I,'FPGA-SC-02033-2-0-ECP5U-25-Pino'!C:C,"") -> 3 | D34: =COUNTIF(K:K,A34) -> 0 | E34: =COUNTIF(K:K,H34) -> 0 | F34: =_xlfn.XLOOKUP(G34,'FPGA-SC-02033-2-0-ECP5U-25-Pino'!I:I,'FPGA-SC-02033-2-0-ECP5U-25-Pino'!C:C,"") -> 8 | G34: 62 | H34: T2 | I34: =D34+E34 -> 0
A35: P17 | B35: 63 | C35: =_xlfn.XLOOKUP(B35,'FPGA-SC-02033-2-0-ECP5U-25-Pino'!I:I,'FPGA-SC-02033-2-0-ECP5U-25-Pino'!C:C,"") -> 3 | D35: =COUNTIF(K:K,A35) -> 0 | E35: =COUNTIF(K:K,H35) -> 0 | F35: =_xlfn.XLOOKUP(G35,'FPGA-SC-02033-2-0-ECP5U-25-Pino'!I:I,'FPGA-SC-02033-2-0-ECP5U-25-Pino'!C:C,"") -> 6 | G35: 64 | H35: M3 | I35: =D35+E35 -> 0
... A103: GND | B103: 199 | C103: =_xlfn.XLOOKUP(B103,'FPGA-SC-02033-2-0-ECP5U-25-Pino'!I:I,'FPGA-SC-02033-2-0-ECP5U-25-Pino'!C:C,"") | D103: =COUNTIF(K:K,A103) -> 0 | E103: =COUNTIF(K:K,H103) -> 0 | F103: =_xlfn.XLOOKUP(G103,'FPGA-SC-02033-2-0-ECP5U-25-Pino'!I:I,'FPGA-SC-02033-2-0-ECP5U-25-Pino'!C:C,"") | G103: 200 | H103: GND | I103: =D103+E103 -> 0

Sheet FPGA-SC-02034-3-0-ECP5U-45-Pino
A1: # Pin Out For ECP5U-45
A2: # Revision 2.0. Added caBGA256 Package
A3: # Revised Mar. 19, 2018
A4: # Revision 3.0. Added TQFP144 Package
A5: # Revised Sep 17, 2021
A9: PAD | B9: Pin/Ball Function | C9: Bank | D9: Dual Function | E9: Differential | F9: High Speed | G9: DQS | H9: CABGA381 | I9: SO-DIMM Pin
A10: 1 | B10: NC | C10: - | D10: - | E10: - | F10: - | G10: - | H10: -
A11: 2 | B11: NC | C11: - | D11: - | E11: - | F11: - | G11: - | H11: -
A12: 3 | B12: NC | C12: - | D12: - | E12: - | F12: - | G12: - | H12: -
A13: 4 | B13: NC | C13: - | D13: - | E13: - | F13: - | G13: - | H13: -
A14: 5 | B14: NC | C14: - | D14: - | E14: - | F14: - | G14: - | H14: -
A15: 6 | B15: PL11A | C15: 7 | D15: ULC_GPLL0T_IN | E15: True_OF_PL11B | F15: TRUE | G15: LDQ17 | H15: A4 | I15: =_xlfn.XLOOKUP(H15,'SO-DIMM-i9'!A:A,'SO-DIMM-i9'!B:B,_xlfn.XLOOKUP(H15,'SO-DIMM-i9'!H:H,'SO-DIMM-i9'!G:G,""))
A16: 7 | B16: PL11B | C16: 7 | D16: ULC_GPLL0C_IN | E16: Comp_OF_PL11A | F16: TRUE | G16: LDQ17 | H16: A5 | I16: =_xlfn.XLOOKUP(H16,'SO-DIMM-i9'!A:A,'SO-DIMM-i9'!B:B,_xlfn.XLOOKUP(H16,'SO-DIMM-i9'!H:H,'SO-DIMM-i9'!G:G,""))
A17: 8 | B17: VSSIO7 | C17: - | D17: - | E17: - | F17: - | G17: - | H17: -
A18: 9 | B18: PL11C | C18: 7 | D18: - | E18: True_OF_PL11D | F18: - | G18: LDQ17 | H18: B5 | I18: =_xlfn.XLOOKUP(H18,'SO-DIMM-i9'!A:A,'SO-DIMM-i9'!B:B,_xlfn.XLOOKUP(H18,'SO-DIMM-i9'!H:H,'SO-DIMM-i9'!G:G,""))
A19: 10 | B19: VCCIO7 | C19: - | D19: - | E19: - | F19: - | G19: - | H19: -
A20: 11 | B20: PL11D | C20: 7 | D20: - | E20: Comp_OF_PL11C | F20: - | G20: LDQ17 | H20: C5 | I20: =_xlfn.XLOOKUP(H20,'SO-DIMM-i9'!A:A,'SO-DIMM-i9'!B:B,_xlfn.XLOOKUP(H20,'SO-DIMM-i9'!H:H,'SO-DIMM-i9'!G:G,""))
A21: 12 | B21: PL14A | C21: 7 | D21: - | E21: True_OF_PL14B | F21: TRUE | G21: LDQ17 | H21: C4 | I21: =_xlfn.XLOOKUP(H21,'SO-DIMM-i9'!A:A,'SO-DIMM-i9'!B:B,_xlfn.XLOOKUP(H21,'SO-DIMM-i9'!H:H,'SO-DIMM-i9'!G:G,"")) -> 131
A22: 13 | B22: VCCAUX | C22: - | D22: - | E22: - | F22: - | G22: - | H22: -
A23: 14 | B23: PL14C | C23: 7 | D23: - | E23: True_OF_PL14D | F23: - | G23: LDQ17 | H23: A3 | I23: =_xlfn.XLOOKUP(H23,'SO-DIMM-i9'!A:A,'SO-DIMM-i9'!B:B,_xlfn.XLOOKUP(H23,'SO-DIMM-i9'!H:H,'SO-DIMM-i9'!G:G,"")) -> 139
A24: 15 | B24: PL14B | C24: 7 | D24: - | E24: Comp_OF_PL14A | F24: TRUE | G24: LDQ17 | H24: B4 | I24: =_xlfn.XLOOKUP(H24,'SO-DIMM-i9'!A:A,'SO-DIMM-i9'!B:B,_xlfn.XLOOKUP(H24,'SO-DIMM-i9'!H:H,'SO-DIMM-i9'!G:G,"")) -> 133
A25: 16 | B25: VSS | C25: - | D25: - | E25: - | F25: - | G25: - | H25: -
A26: 17 | B26: PL14D | C26: 7 | D26: - | E26: Comp_OF_PL14C | F26: - | G26: LDQ17 | H26: B3 | I26: =_xlfn.XLOOKUP(H26,'SO-DIMM-i9'!A:A,'SO-DIMM-i9'!B:B,_xlfn.XLOOKUP(H26,'SO-DIMM-i9'!H:H,'SO-DIMM-i9'!G:G,"")) -> 152
A27: 18 | B27: PL17A | C27: 7 | D27: - | E27: True_OF_PL17B | F27: TRUE | G27: LDQS17 | H27: E4 | I27: =_xlfn.XLOOKUP(H27,'SO-DIMM-i9'!A:A,'SO-DIMM-i9'!B:B,_xlfn.XLOOKUP(H27,'SO-DIMM-i9'!H:H,'SO-DIMM-i9'!G:G,"")) -> 128
A28: 19 | B28: VCC | C28: - | D28: - | E28: - | F28: - | G28: - | H28: -
A29: 20 | B29: PL17C | C29: 7 | D29: - | E29: True_OF_PL17D | F29: - | G29: LDQ17 | H29: C3 | I29: =_xlfn.XLOOKUP(H29,'SO-DIMM-i9'!A:A,'SO-DIMM-i9'!B:B,_xlfn.XLOOKUP(H29,'SO-DIMM-i9'!H:H,'SO-DIMM-i9'!G:G,"")) -> 135
A30: 21 | B30: PL17B | C30: 7 | D30: - | E30: Comp_OF_PL17A | F30: TRUE | G30: LDQSN17 | H30: D5 | I30: =_xlfn.XLOOKUP(H30,'SO-DIMM-i9'!A:A,'SO-DIMM-i9'!B:B,_xlfn.XLOOKUP(H30,'SO-DIMM-i9'!H:H,'SO-DIMM-i9'!G:G,""))
A31: 22 | B31: VSS | C31: - | D31: - | E31: - | F31: - | G31: - | H31: -
A32: 23 | B32: PL17D | C32: 7 | D32: - | E32: Comp_OF_PL17C | F32: - | G32: LDQ17 | H32: D3 | I32: =_xlfn.XLOOKUP(H32,'SO-DIMM-i9'!A:A,'SO-DIMM-i9'!B:B,_xlfn.XLOOKUP(H32,'SO-DIMM-i9'!H:H,'SO-DIMM-i9'!G:G,"")) -> 129
A33: 24 | B33: PL20A | C33: 7 | D33: - | E33: True_OF_PL20B | F33: TRUE | G33: LDQ17 | H33: F4 | I33: =_xlfn.XLOOKUP(H33,'SO-DIMM-i9'!A:A,'SO-DIMM-i9'!B:B,_xlfn.XLOOKUP(H33,'SO-DIMM-i9'!H:H,'SO-DIMM-i9'!G:G,"")) -> 126
A34: 25 | B34: VSSIO7 | C34: - | D34: - | E34: - | F34: - | G34: - | H34: -
A35: 26 | B35: PL20C | C35: 7 | D35: - | E35: True_OF_PL20D | F35: - | G35: LDQ17 | H35: E5 | I35: =_xlfn.XLOOKUP(H35,'SO-DIMM-i9'!A:A,'SO-DIMM-i9'!B:B,_xlfn.XLOOKUP(H35,'SO-DIMM-i9'!H:H,'SO-DIMM-i9'!G:G,"")) -> 124
A36: 27 | B36: PL20B | C36: 7 | D36: - | E36: Comp_OF_PL20A | F36: TRUE | G36: LDQ17 | H36: E3 | I36: =_xlfn.XLOOKUP(H36,'SO-DIMM-i9'!A:A,'SO-DIMM-i9'!B:B,_xlfn.XLOOKUP(H36,'SO-DIMM-i9'!H:H,'SO-DIMM-i9'!G:G,"")) -> 137
A37: 28 | B37: VCCIO7 | C37: - | D37: - | E37: - | F37: - | G37: - | H37: -
A38: 29 | B38: PL20D | C38: 7 | D38: - | E38: Comp_OF_PL20C | F38: - | G38: LDQ17 | H38: F5 | I38: =_xlfn.XLOOKUP(H38,'SO-DIMM-i9'!A:A,'SO-DIMM-i9'!B:B,_xlfn.XLOOKUP(H38,'SO-DIMM-i9'!H:H,'SO-DIMM-i9'!G:G,"")) -> 120
A39: 30 | B39: PL23A | C39: 7 | D39: - | E39: True_OF_PL23B | F39: TRUE | G39: LDQ29 | H39: A2 | I39: =_xlfn.XLOOKUP(H39,'SO-DIMM-i9'!A:A,'SO-DIMM-i9'!B:B,_xlfn.XLOOKUP(H39,'SO-DIMM-i9'!H:H,'SO-DIMM-i9'!G:G,"")) -> 154
A40: 31 | B40: VSSIO7 | C40: - | D40: - | E40: - | F40: - | G40: - | H40: -
A41: 32 | B41: PL23C | C41: 7 | D41: VREF1_7 | E41: True_OF_PL23D | F41: - | G41: LDQ29 | H41: B2 | I41: =_xlfn.XLOOKUP(H41,'SO-DIMM-i9'!A:A,'SO-DIMM-i9'!B:B,_xlfn.XLOOKUP(H41,'SO-DIMM-i9'!H:H,'SO-DIMM-i9'!G:G,"")) -> 156
A42: 33 | B42: PL23B | C42: 7 | D42: - | E42: Comp_OF_PL23A | F42: TRUE | G42: LDQ29 | H42: B1 | I42: =_xlfn.XLOOKUP(H42,'SO-DIMM-i9'!A:A,'SO-DIMM-i9'!B:B,_xlfn.XLOOKUP(H42,'SO-DIMM-i9'!H:H,'SO-DIMM-i9'!G:G,"")) -> 143
A43: 34 | B43: VCCIO7 | C43: - | D43: - | E43: - | F43: - | G43: - | H43: -
A44: 35 | B44: PL23D | C44: 7 | D44: - | E44: Comp_OF_PL23C | F44: - | G44: LDQ29 | H44: C2 | I44: =_xlfn.XLOOKUP(H44,'SO-DIMM-i9'!A:A,'SO-DIMM-i9'!B:B,_xlfn.XLOOKUP(H44,'SO-DIMM-i9'!H:H,'SO-DIMM-i9'!G:G,"")) -> 141
A45: 36 | B45: PL26A | C45: 7 | D45: - | E45: True_OF_PL26B | F45: TRUE | G45: LDQ29 | H45: C1 | I45: =_xlfn.XLOOKUP(H45,'SO-DIMM-i9'!A:A,'SO-DIMM-i9'!B:B,_xlfn.XLOOKUP(H45,'SO-DIMM-i9'!H:H,'SO-DIMM-i9'!G:G,"")) -> 145
A46: 37 | B46: VCCAUX | C46: - | D46: - | E46: - | F46: - | G46: - | H46: -
A47: 38 | B47: PL26C | C47: 7 | D47: - | E47: True_OF_PL26D | F47: - | G47: LDQ29 | H47: D2 | I47: =_xlfn.XLOOKUP(H47,'SO-DIMM-i9'!A:A,'SO-DIMM-i9'!B:B,_xlfn.XLOOKUP(H47,'SO-DIMM-i9'!H:H,'SO-DIMM-i9'!G:G,"")) -> 147
A48: 39 | B48: PL26B | C48: 7 | D48: - | E48: Comp_OF_PL26A | F48: TRUE | G48: LDQ29 | H48: D1 | I48: =_xlfn.XLOOKUP(H48,'SO-DIMM-i9'!A:A,'SO-DIMM-i9'!B:B,_xlfn.XLOOKUP(H48,'SO-DIMM-i9'!H:H,'SO-DIMM-i9'!G:G,"")) -> 149
A49: 40 | B49: VSS | C49: - | D49: - | E49: - | F49: - | G49: - | H49: -
A50: 41 | B50: PL26D | C50: 7 | D50: - | E50: Comp_OF_PL26C | F50: - | G50: LDQ29 | H50: E1 | I50: =_xlfn.XLOOKUP(H50,'SO-DIMM-i9'!A:A,'SO-DIMM-i9'!B:B,_xlfn.XLOOKUP(H50,'SO-DIMM-i9'!H:H,'SO-DIMM-i9'!G:G,"")) -> 153
A51: 42 | B51: PL29A | C51: 7 | D51: GR_PCLK7_1 | E51: True_OF_PL29B | F51: TRUE | G51: LDQS29 | H51: H4 | I51: =_xlfn.XLOOKUP(H51,'SO-DIMM-i9'!A:A,'SO-DIMM-i9'!B:B,_xlfn.XLOOKUP(H51,'SO-DIMM-i9'!H:H,'SO-DIMM-i9'!G:G,"")) -> 138
A52: 43 | B52: VCC | C52: - | D52: - | E52: - | F52: - | G52: - | H52: -
A53: 44 | B53: PL29C | C53: 7 | D53: GR_PCLK7_0 | E53: True_OF_PL29D | F53: - | G53: LDQ29 | H53: H5 | I53: =_xlfn.XLOOKUP(H53,'SO-DIMM-i9'!A:A,'SO-DIMM-i9'!B:B,_xlfn.XLOOKUP(H53,'SO-DIMM-i9'!H:H,'SO-DIMM-i9'!G:G,"")) -> 140
A54: 45 | B54: PL29B | C54: 7 | D54: - | E54: Comp_OF_PL29A | F54: TRUE | G54: LDQSN29 | H54: G5 | I54: =_xlfn.XLOOKUP(H54,'SO-DIMM-i9'!A:A,'SO-DIMM-i9'!B:B,_xlfn.XLOOKUP(H54,'SO-DIMM-i9'!H:H,'SO-DIMM-i9'!G:G,"")) -> 116
A55: 46 | B55: VSS | C55: - | D55: - | E55: - | F55: - | G55: - | H55: -
A56: 47 | B56: PL29D | C56: 7 | D56: - | E56: Comp_OF_PL29C | F56: - | G56: LDQ29 | H56: H3 | I56: =_xlfn.XLOOKUP(H56,'SO-DIMM-i9'!A:A,'SO-DIMM-i9'!B:B,_xlfn.XLOOKUP(H56,'SO-DIMM-i9'!H:H,'SO-DIMM-i9'!G:G,"")) -> 136
A57: 48 | B57: PL32A | C57: 7 | D57: PCLKT7_1 | E57: True_OF_PL32B | F57: TRUE | G57: LDQ29 | H57: G3 | I57: =_xlfn.XLOOKUP(H57,'SO-DIMM-i9'!A:A,'SO-DIMM-i9'!B:B,_xlfn.XLOOKUP(H57,'SO-DIMM-i9'!H:H,'SO-DIMM-i9'!G:G,"")) -> 134
A58: 49 | B58: VSSIO7 | C58: - | D58: - | E58: - | F58: - | G58: - | H58: -
A59: 50 | B59: PL32C | C59: 7 | D59: PCLKT7_0 | E59: True_OF_PL32D | F59: - | G59: LDQ29 | H59: F2 | I59: =_xlfn.XLOOKUP(H59,'SO-DIMM-i9'!A:A,'SO-DIMM-i9'!B:B,_xlfn.XLOOKUP(H59,'SO-DIMM-i9'!H:H,'SO-DIMM-i9'!G:G,"")) -> 155
A60: 51 | B60: PL32B | C60: 7 | D60: PCLKC7_1 | E60: Comp_OF_PL32A | F60: TRUE | G60: LDQ29 | H60: F3 | I60: =_xlfn.XLOOKUP(H60,'SO-DIMM-i9'!A:A,'SO-DIMM-i9'!B:B,_xlfn.XLOOKUP(H60,'SO-DIMM-i9'!H:H,'SO-DIMM-i9'!G:G,"")) -> 132
A61: 52 | B61: VCCIO7 | C61: - | D61: - | E61: - | F61: - | G61: - | H61: -
A62: 53 | B62: PL32D | C62: 7 | D62: PCLKC7_0 | E62: Comp_OF_PL32C | F62: - | G62: LDQ29 | H62: E2 | I62: =_xlfn.XLOOKUP(H62,'SO-DIMM-i9'!A:A,'SO-DIMM-i9'!B:B,_xlfn.XLOOKUP(H62,'SO-DIMM-i9'!H:H,'SO-DIMM-i9'!G:G,"")) -> 151
A63: 54 | B63: PL35A | C63: 6 | D63: PCLKT6_1 | E63: True_OF_PL35B | F63: TRUE | G63: LDQ41 | H63: G2 | I63: =_xlfn.XLOOKUP(H63,'SO-DIMM-i9'!A:A,'SO-DIMM-i9'!B:B,_xlfn.XLOOKUP(H63,'SO-DIMM-i9'!H:H,'SO-DIMM-i9'!G:G,""))
A64: 55 | B64: VSSIO6 | C64: - | D64: - | E64: - | F64: - | G64: - | H64: -
A65: 56 | B65: PL35C | C65: 6 | D65: PCLKT6_0 | E65: True_OF_PL35D | F65: - | G65: LDQ41 | H65: H2 | I65: =_xlfn.XLOOKUP(H65,'SO-DIMM-i9'!A:A,'SO-DIMM-i9'!B:B,_xlfn.XLOOKUP(H65,'SO-DIMM-i9'!H:H,'SO-DIMM-i9'!G:G,""))
A66: 57 | B66: PL35B | C66: 6 | D66: PCLKC6_1 | E66: Comp_OF_PL35A | F66: TRUE | G66: LDQ41 | H66: F1 | I66: =_xlfn.XLOOKUP(H66,'SO-DIMM-i9'!A:A,'SO-DIMM-i9'!B:B,_xlfn.XLOOKUP(H66,'SO-DIMM-i9'!H:H,'SO-DIMM-i9'!G:G,"")) -> 130
A67: 58 | B67: VCCIO6 | C67: - | D67: - | E67: - | F67: - | G67: - | H67: -
A68: 59 | B68: PL35D | C68: 6 | D68: PCLKC6_0 | E68: Comp_OF_PL35C | F68: - | G68: LDQ41 | H68: G1 | I68: =_xlfn.XLOOKUP(H68,'SO-DIMM-i9'!A:A,'SO-DIMM-i9'!B:B,_xlfn.XLOOKUP(H68,'SO-DIMM-i9'!H:H,'SO-DIMM-i9'!G:G,""))
A69: 60 | B69: PL38A | C69: 6 | D69: GR_PCLK6_0 | E69: True_OF_PL38B | F69: TRUE | G69: LDQ41 | H69: J4 | I69: =_xlfn.XLOOKUP(H69,'SO-DIMM-i9'!A:A,'SO-DIMM-i9'!B:B,_xlfn.XLOOKUP(H69,'SO-DIMM-i9'!H:H,'SO-DIMM-i9'!G:G,"")) -> 142
A70: 61 | B70: VCCAUX | C70: - | D70: - | E70: - | F70: - | G70: - | H70: -
A71: 62 | B71: PL38C | C71: 6 | D71: GR_PCLK6_1 | E71: True_OF_PL38D | F71: - | G71: LDQ41 | H71: J3 | I71: =_xlfn.XLOOKUP(H71,'SO-DIMM-i9'!A:A,'SO-DIMM-i9'!B:B,_xlfn.XLOOKUP(H71,'SO-DIMM-i9'!H:H,'SO-DIMM-i9'!G:G,""))
A72: 63 | B72: PL38B | C72: 6 | D72: - | E72: Comp_OF_PL38A | F72: TRUE | G72: LDQ41 | H72: J5 | I72: =_xlfn.XLOOKUP(H72,'SO-DIMM-i9'!A:A,'SO-DIMM-i9'!B:B,_xlfn.XLOOKUP(H72,'SO-DIMM-i9'!H:H,'SO-DIMM-i9'!G:G,"")) -> 144
A73: 64 | B73: VSS | C73: - | D73: - | E73: - | F73: - | G73: - | H73: -
A74: 65 | B74: PL38D | C74: 6 | D74: - | E74: Comp_OF_PL38C | F74: - | G74: LDQ41 | H74: K3 | I74: =_xlfn.XLOOKUP(H74,'SO-DIMM-i9'!A:A,'SO-DIMM-i9'!B:B,_xlfn.XLOOKUP(H74,'SO-DIMM-i9'!H:H,'SO-DIMM-i9'!G:G,"")) -> 146
A75: 66 | B75: PL41A | C75: 6 | D75: - | E75: True_OF_PL41B | F75: TRUE | G75: LDQS41 | H75: K2 | I75: =_xlfn.XLOOKUP(H75,'SO-DIMM-i9'!A:A,'SO-DIMM-i9'!B:B,_xlfn.XLOOKUP(H75,'SO-DIMM-i9'!H:H,'SO-DIMM-i9'!G:G,""))
A76: 67 | B76: VCC | C76: - | D76: - | E76: - | F76: - | G76: - | H76: -
A77: 68 | B77: PL41C | C77: 6 | D77: - | E77: True_OF_PL41D | F77: - | G77: LDQ41 | H77: H1 | I77: =_xlfn.XLOOKUP(H77,'SO-DIMM-i9'!A:A,'SO-DIMM-i9'!B:B,_xlfn.XLOOKUP(H77,'SO-DIMM-i9'!H:H,'SO-DIMM-i9'!G:G,""))
A78: 69 | B78: PL41B | C78: 6 | D78: - | E78: Comp_OF_PL41A | F78: TRUE | G78: LDQSN41 | H78: J1 | I78: =_xlfn.XLOOKUP(H78,'SO-DIMM-i9'!A:A,'SO-DIMM-i9'!B:B,_xlfn.XLOOKUP(H78,'SO-DIMM-i9'!H:H,'SO-DIMM-i9'!G:G,""))
A79: 70 | B79: VSS | C79: - | D79: - | E79: - | F79: - | G79: - | H79: -
A80: 71 | B80: PL41D | C80: 6 | D80: - | E80: Comp_OF_PL41C | F80: - | G80: LDQ41 | H80: K1 | I80: =_xlfn.XLOOKUP(H80,'SO-DIMM-i9'!A:A,'SO-DIMM-i9'!B:B,_xlfn.XLOOKUP(H80,'SO-DIMM-i9'!H:H,'SO-DIMM-i9'!G:G,""))
A81: 72 | B81: PL44A | C81: 6 | D81: - | E81: True_OF_PL44B | F81: TRUE | G81: LDQ41 | H81: K4 | I81: =_xlfn.XLOOKUP(H81,'SO-DIMM-i9'!A:A,'SO-DIMM-i9'!B:B,_xlfn.XLOOKUP(H81,'SO-DIMM-i9'!H:H,'SO-DIMM-i9'!G:G,"")) -> 148
A82: 73 | B82: VSSIO6 | C82: - | D82: - | E82: - | F82: - | G82: - | H82: -
A83: 74 | B83: PL44C | C83: 6 | D83: - | E83: True_OF_PL44D | F83: - | G83: LDQ41 | H83: L4 | I83: =_xlfn.XLOOKUP(H83,'SO-DIMM-i9'!A:A,'SO-DIMM-i9'!B:B,_xlfn.XLOOKUP(H83,'SO-DIMM-i9'!H:H,'SO-DIMM-i9'!G:G,"")) -> 74
A84: 75 | B84: PL44B | C84: 6 | D84: VREF1_6 | E84: Comp_OF_PL44A | F84: TRUE | G84: LDQ41 | H84: K5 | I84: =_xlfn.XLOOKUP(H84,'SO-DIMM-i9'!A:A,'SO-DIMM-i9'!B:B,_xlfn.XLOOKUP(H84,'SO-DIMM-i9'!H:H,'SO-DIMM-i9'!G:G,"")) -> 150
A85: 76 | B85: VCCIO6 | C85: - | D85: - | E85: - | F85: - | G85: - | H85: -
A86: 77 | B86: PL44D | C86: 6 | D86: - | E86: Comp_OF_PL44C | F86: - | G86: LDQ41 | H86: L5 | I86: =_xlfn.XLOOKUP(H86,'SO-DIMM-i9'!A:A,'SO-DIMM-i9'!B:B,_xlfn.XLOOKUP(H86,'SO-DIMM-i9'!H:H,'SO-DIMM-i9'!G:G,"")) -> 76
A87: 78 | B87: PL47A | C87: 6 | D87: - | E87: True_OF_PL47B | F87: TRUE | G87: LDQ53 | H87: -
A88: 79 | B88: VSSIO6 | C88: - | D88: - | E88: - | F88: - | G88: - | H88: -
A89: 80 | B89: PL47C | C89: 6 | D89: - | E89: True_OF_PL47D | F89: - | G89: LDQ53 | H89: -
A90: 81 | B90: PL47B | C90: 6 | D90: - | E90: Comp_OF_PL47A | F90: TRUE | G90: LDQ53 | H90: -
A91: 82 | B91: VCCIO6 | C91: - | D91: - | E91: - | F91: - | G91: - | H91: -
A92: 83 | B92: PL47D | C92: 6 | D92: - | E92: Comp_OF_PL47C | F92: - | G92: LDQ53 | H92: -
A93: 84 | B93: PL50A | C93: 6 | D93: - | E93: True_OF_PL50B | F93: TRUE | G93: LDQ53 | H93: -
A94: 85 | B94: VCCAUX | C94: - | D94: - | E94: - | F94: - | G94: - | H94: -
A95: 86 | B95: PL50C | C95: 6 | D95: - | E95: True_OF_PL50D | F95: - | G95: LDQ53 | H95: -
A96: 87 | B96: PL50B | C96: 6 | D96: - | E96: Comp_OF_PL50A | F96: TRUE | G96: LDQ53 | H96: -
A97: 88 | B97: VSS | C97: - | D97: - | E97: - | F97: - | G97: - | H97: -
A98: 89 | B98: PL50D | C98: 6 | D98: - | E98: Comp_OF_PL50C | F98: - | G98: LDQ53 | H98: -
A99: 90 | B99: PL53A | C99: 6 | D99: - | E99: True_OF_PL53B | F99: TRUE | G99: LDQS53 | H99: M5 | I99: =_xlfn.XLOOKUP(H99,'SO-DIMM-i9'!A:A,'SO-DIMM-i9'!B:B,_xlfn.XLOOKUP(H99,'SO-DIMM-i9'!H:H,'SO-DIMM-i9'!G:G,""))
A100: 91 | B100: VCC | C100: - | D100: - | E100: - | F100: - | G100: - | H100: -
A101: 92 | B101: PL53C | C101: 6 | D101: - | E101: True_OF_PL53D | F101: - | G101: LDQ53 | H101: -
A102: 93 | B102: PL53B | C102: 6 | D102: - | E102: Comp_OF_PL53A | F102: TRUE | G102: LDQSN53 | H102: -
A103: 94 | B103: VSS | C103: - | D103: - | E103: - | F103: - | G103: - | H103: -
...
